tumblr,2014-01-27 16:00:00,125712.0
tumblr,2014-01-27 16:05:00,126812.0
tumblr,2014-01-27 16:10:00,129168.0
tumblr,2014-01-27 16:15:00,131228.0
tumblr,2014-01-27 16:20:00,131952.0
tumblr,2014-01-27 16:25:00,132419.0
tumblr,2014-01-27 16:30:00,133154.0
tumblr,2014-01-27 16:35:00,137020.0
tumblr,2014-01-27 16:40:00,138374.0
tumblr,2014-01-27 16:45:00,139273.0
tumblr,2014-01-27 16:50:00,141372.0
tumblr,2014-01-27 16:55:00,139483.0
tumblr,2014-01-27 17:00:00,138215.0
tumblr,2014-01-27 17:05:00,143233.0
tumblr,2014-01-27 17:10:00,140979.0
tumblr,2014-01-27 17:15:00,146491.0
tumblr,2014-01-27 17:20:00,141552.0
tumblr,2014-01-27 17:25:00,143914.0
tumblr,2014-01-27 17:30:00,147927.0
tumblr,2014-01-27 17:35:00,145294.0
tumblr,2014-01-27 17:40:00,143186.0
tumblr,2014-01-27 17:45:00,146273.0
tumblr,2014-01-27 17:50:00,147039.0
tumblr,2014-01-27 17:55:00,144976.0
tumblr,2014-01-27 18:00:00,143170.0
tumblr,2014-01-27 18:05:00,147194.0
tumblr,2014-01-27 18:10:00,148402.0
tumblr,2014-01-27 18:15:00,149286.0
tumblr,2014-01-27 18:20:00,147759.0
tumblr,2014-01-27 18:25:00,147677.0
tumblr,2014-01-27 18:30:00,147816.0
tumblr,2014-01-27 18:35:00,150289.0
tumblr,2014-01-27 18:40:00,156983.0
tumblr,2014-01-27 18:45:00,154656.0
tumblr,2014-01-27 18:50:00,152551.0
tumblr,2014-01-27 18:55:00,152911.0
tumblr,2014-01-27 19:00:00,150981.0
tumblr,2014-01-27 19:05:00,152485.0
tumblr,2014-01-27 19:10:00,152710.0
tumblr,2014-01-27 19:15:00,148122.0
tumblr,2014-01-27 19:20:00,152631.0
tumblr,2014-01-27 19:25:00,156647.0
tumblr,2014-01-27 19:30:00,156098.0
tumblr,2014-01-27 19:35:00,151391.0
tumblr,2014-01-27 19:40:00,160807.0
tumblr,2014-01-27 19:45:00,155997.0
tumblr,2014-01-27 19:50:00,158372.0
tumblr,2014-01-27 19:55:00,154807.0
tumblr,2014-01-27 20:00:00,159433.0
tumblr,2014-01-27 20:05:00,159776.0
tumblr,2014-01-27 20:10:00,162548.0
tumblr,2014-01-27 20:15:00,163955.0
tumblr,2014-01-27 20:20:00,164420.0
tumblr,2014-01-27 20:25:00,166027.0
tumblr,2014-01-27 20:30:00,166913.0
tumblr,2014-01-27 20:35:00,167160.0
tumblr,2014-01-27 20:40:00,177085.0
tumblr,2014-01-27 20:45:00,171959.0
tumblr,2014-01-27 20:50:00,169510.0
tumblr,2014-01-27 20:55:00,172422.0
tumblr,2014-01-27 21:00:00,171487.0
tumblr,2014-01-27 21:05:00,171828.0
tumblr,2014-01-27 21:10:00,173953.0
tumblr,2014-01-27 21:15:00,173580.0
tumblr,2014-01-27 21:20:00,174788.0
tumblr,2014-01-27 21:25:00,171413.0
tumblr,2014-01-27 21:30:00,172077.0
tumblr,2014-01-27 21:35:00,173095.0
tumblr,2014-01-27 21:40:00,174741.0
tumblr,2014-01-27 21:45:00,172819.0
tumblr,2014-01-27 21:50:00,171777.0
tumblr,2014-01-27 21:55:00,172853.0
tumblr,2014-01-27 22:00:00,170888.0
tumblr,2014-01-27 22:05:00,171960.0
tumblr,2014-01-27 22:10:00,173493.0
tumblr,2014-01-27 22:15:00,175106.0
tumblr,2014-01-27 22:20:00,174874.0
tumblr,2014-01-27 22:25:00,175485.0
tumblr,2014-01-27 22:30:00,173436.0
tumblr,2014-01-27 22:35:00,175575.0
tumblr,2014-01-27 22:40:00,171723.0
tumblr,2014-01-27 22:45:00,173786.0
tumblr,2014-01-27 22:50:00,176954.0
tumblr,2014-01-27 22:55:00,175466.0
tumblr,2014-01-27 23:00:00,172889.0
tumblr,2014-01-27 23:05:00,174395.0
tumblr,2014-01-27 23:10:00,173586.0
tumblr,2014-01-27 23:15:00,174578.0
tumblr,2014-01-27 23:20:00,176274.0
tumblr,2014-01-27 23:25:00,175656.0
tumblr,2014-01-27 23:30:00,173268.0
tumblr,2014-01-27 23:35:00,171772.0
tumblr,2014-01-27 23:40:00,173642.0
tumblr,2014-01-27 23:45:00,174385.0
tumblr,2014-01-27 23:50:00,172423.0
tumblr,2014-01-27 23:55:00,170636.0
tumblr,2014-01-28 00:00:00,170803.0
tumblr,2014-01-28 00:05:00,169182.0
tumblr,2014-01-28 00:10:00,171408.0
tumblr,2014-01-28 00:15:00,169174.0
tumblr,2014-01-28 00:20:00,173269.0
tumblr,2014-01-28 00:25:00,168173.0
tumblr,2014-01-28 00:30:00,170884.0
tumblr,2014-01-28 00:35:00,170829.0
tumblr,2014-01-28 00:40:00,170256.0
tumblr,2014-01-28 00:45:00,171678.0
tumblr,2014-01-28 00:50:00,171027.0
tumblr,2014-01-28 00:55:00,171832.0
tumblr,2014-01-28 01:00:00,168778.0
tumblr,2014-01-28 01:05:00,169195.0
tumblr,2014-01-28 01:10:00,170847.0
tumblr,2014-01-28 01:15:00,172462.0
tumblr,2014-01-28 01:20:00,172238.0
tumblr,2014-01-28 01:25:00,170598.0
tumblr,2014-01-28 01:30:00,171288.0
tumblr,2014-01-28 01:35:00,171661.0
tumblr,2014-01-28 01:40:00,172330.0
tumblr,2014-01-28 01:45:00,173790.0
tumblr,2014-01-28 01:50:00,175764.0
tumblr,2014-01-28 01:55:00,172585.0
tumblr,2014-01-28 02:00:00,172349.0
tumblr,2014-01-28 02:05:00,172708.0
tumblr,2014-01-28 02:10:00,173644.0
tumblr,2014-01-28 02:15:00,172997.0
tumblr,2014-01-28 02:20:00,176201.0
tumblr,2014-01-28 02:25:00,174186.0
tumblr,2014-01-28 02:30:00,177334.0
tumblr,2014-01-28 02:35:00,175341.0
tumblr,2014-01-28 02:40:00,176226.0
tumblr,2014-01-28 02:45:00,175941.0
tumblr,2014-01-28 02:50:00,173537.0
tumblr,2014-01-28 02:55:00,174393.0
tumblr,2014-01-28 03:00:00,175072.0
tumblr,2014-01-28 03:05:00,173350.0
tumblr,2014-01-28 03:10:00,178501.0
tumblr,2014-01-28 03:15:00,177067.0
tumblr,2014-01-28 03:20:00,177799.0
tumblr,2014-01-28 03:25:00,174114.0
tumblr,2014-01-28 03:30:00,172718.0
tumblr,2014-01-28 03:35:00,174870.0
tumblr,2014-01-28 03:40:00,173166.0
tumblr,2014-01-28 03:45:00,174725.0
tumblr,2014-01-28 03:50:00,175026.0
tumblr,2014-01-28 03:55:00,177934.0
tumblr,2014-01-28 04:00:00,172732.0
tumblr,2014-01-28 04:05:00,172077.0
tumblr,2014-01-28 04:10:00,174408.0
tumblr,2014-01-28 04:15:00,173546.0
tumblr,2014-01-28 04:20:00,174066.0
tumblr,2014-01-28 04:25:00,172556.0
tumblr,2014-01-28 04:30:00,171277.0
tumblr,2014-01-28 04:35:00,172307.0
tumblr,2014-01-28 04:40:00,171405.0
tumblr,2014-01-28 04:45:00,171565.0
tumblr,2014-01-28 04:50:00,168878.0
tumblr,2014-01-28 04:55:00,168553.0
tumblr,2014-01-28 05:00:00,168447.0
tumblr,2014-01-28 05:05:00,168680.0
tumblr,2014-01-28 05:10:00,166643.0
tumblr,2014-01-28 05:15:00,166746.0
tumblr,2014-01-28 05:20:00,168909.0
tumblr,2014-01-28 05:25:00,165690.0
tumblr,2014-01-28 05:30:00,169414.0
tumblr,2014-01-28 05:35:00,166144.0
tumblr,2014-01-28 05:40:00,165602.0
tumblr,2014-01-28 05:45:00,163532.0
tumblr,2014-01-28 05:50:00,161783.0
tumblr,2014-01-28 05:55:00,162156.0
tumblr,2014-01-28 06:00:00,157978.0
tumblr,2014-01-28 06:05:00,157870.0
tumblr,2014-01-28 06:10:00,158276.0
tumblr,2014-01-28 06:15:00,158896.0
tumblr,2014-01-28 06:20:00,156636.0
tumblr,2014-01-28 06:25:00,157353.0
tumblr,2014-01-28 06:30:00,155085.0
tumblr,2014-01-28 06:35:00,154816.0
tumblr,2014-01-28 06:40:00,151888.0
tumblr,2014-01-28 06:45:00,152257.0
tumblr,2014-01-28 06:50:00,153286.0
tumblr,2014-01-28 06:55:00,150472.0
tumblr,2014-01-28 07:00:00,151002.0
tumblr,2014-01-28 07:05:00,149739.0
tumblr,2014-01-28 07:10:00,149438.0
tumblr,2014-01-28 07:15:00,147380.0
tumblr,2014-01-28 07:20:00,147156.0
tumblr,2014-01-28 07:25:00,144962.0
tumblr,2014-01-28 07:30:00,133700.0
tumblr,2014-01-28 07:35:00,132059.0
tumblr,2014-01-28 07:40:00,120705.0
tumblr,2014-01-28 07:45:00,105190.0
tumblr,2014-01-28 07:50:00,104764.0
tumblr,2014-01-28 07:55:00,90207.0
tumblr,2014-01-28 08:00:00,91201.0
tumblr,2014-01-28 08:05:00,85103.0
tumblr,2014-01-28 08:10:00,82960.0
tumblr,2014-01-28 08:15:00,81812.0
tumblr,2014-01-28 08:20:00,79341.0
tumblr,2014-01-28 08:25:00,84026.0
tumblr,2014-01-28 08:30:00,77111.0
tumblr,2014-01-28 08:35:00,76041.0
tumblr,2014-01-28 08:40:00,76823.0
tumblr,2014-01-28 08:45:00,79743.0
tumblr,2014-01-28 08:50:00,73461.0
tumblr,2014-01-28 08:55:00,72299.0
tumblr,2014-01-28 09:00:00,76458.0
tumblr,2014-01-28 09:05:00,68999.0
tumblr,2014-01-28 09:10:00,69150.0
tumblr,2014-01-28 09:15:00,67677.0
tumblr,2014-01-28 09:20:00,66916.0
tumblr,2014-01-28 09:25:00,67025.0
tumblr,2014-01-28 09:30:00,66113.0
tumblr,2014-01-28 09:35:00,68806.0
tumblr,2014-01-28 09:40:00,65403.0
tumblr,2014-01-28 09:45:00,65409.0
tumblr,2014-01-28 09:50:00,63602.0
tumblr,2014-01-28 09:55:00,62024.0
tumblr,2014-01-28 10:00:00,65624.0
tumblr,2014-01-28 10:05:00,62173.0
tumblr,2014-01-28 10:10:00,67354.0
tumblr,2014-01-28 10:15:00,63361.0
tumblr,2014-01-28 10:20:00,65525.0
tumblr,2014-01-28 10:25:00,63184.0
tumblr,2014-01-28 10:30:00,61842.0
tumblr,2014-01-28 10:35:00,64817.0
tumblr,2014-01-28 10:40:00,64438.0
tumblr,2014-01-28 10:45:00,68200.0
tumblr,2014-01-28 10:50:00,66990.0
tumblr,2014-01-28 10:55:00,67136.0
tumblr,2014-01-28 11:00:00,73647.0
tumblr,2014-01-28 11:05:00,66420.0
tumblr,2014-01-28 11:10:00,68848.0
tumblr,2014-01-28 11:15:00,71060.0
tumblr,2014-01-28 11:20:00,70913.0
tumblr,2014-01-28 11:25:00,71436.0
tumblr,2014-01-28 11:30:00,73352.0
tumblr,2014-01-28 11:35:00,72861.0
tumblr,2014-01-28 11:40:00,73609.0
tumblr,2014-01-28 11:45:00,78037.0
tumblr,2014-01-28 11:50:00,77846.0
tumblr,2014-01-28 11:55:00,75913.0
tumblr,2014-01-28 12:00:00,83326.0
tumblr,2014-01-28 12:05:00,76767.0
tumblr,2014-01-28 12:10:00,79889.0
tumblr,2014-01-28 12:15:00,77838.0
tumblr,2014-01-28 12:20:00,79960.0
tumblr,2014-01-28 12:25:00,81284.0
tumblr,2014-01-28 12:30:00,83137.0
tumblr,2014-01-28 12:35:00,79890.0
tumblr,2014-01-28 12:40:00,85954.0
tumblr,2014-01-28 12:45:00,85127.0
tumblr,2014-01-28 12:50:00,87094.0
tumblr,2014-01-28 12:55:00,86481.0
tumblr,2014-01-28 13:00:00,95422.0
tumblr,2014-01-28 13:05:00,87648.0
tumblr,2014-01-28 13:10:00,91667.0
tumblr,2014-01-28 13:15:00,90299.0
tumblr,2014-01-28 13:20:00,94022.0
tumblr,2014-01-28 13:25:00,92473.0
tumblr,2014-01-28 13:30:00,96310.0
tumblr,2014-01-28 13:35:00,95487.0
tumblr,2014-01-28 13:40:00,95649.0
tumblr,2014-01-28 13:45:00,95459.0
tumblr,2014-01-28 13:50:00,97430.0
tumblr,2014-01-28 13:55:00,102008.0
tumblr,2014-01-28 14:00:00,101024.0
tumblr,2014-01-28 14:05:00,101639.0
tumblr,2014-01-28 14:10:00,103432.0
tumblr,2014-01-28 14:15:00,105723.0
tumblr,2014-01-28 14:20:00,106609.0
tumblr,2014-01-28 14:25:00,107745.0
tumblr,2014-01-28 14:30:00,110067.0
tumblr,2014-01-28 14:35:00,112437.0
tumblr,2014-01-28 14:40:00,110424.0
tumblr,2014-01-28 14:45:00,112533.0
tumblr,2014-01-28 14:50:00,112170.0
tumblr,2014-01-28 14:55:00,112081.0
tumblr,2014-01-28 15:00:00,120709.0
tumblr,2014-01-28 15:05:00,116895.0
tumblr,2014-01-28 15:10:00,122707.0
tumblr,2014-01-28 15:15:00,118455.0
tumblr,2014-01-28 15:20:00,121994.0
tumblr,2014-01-28 15:25:00,122178.0
tumblr,2014-01-28 15:30:00,122734.0
tumblr,2014-01-28 15:35:00,124677.0
tumblr,2014-01-28 15:40:00,123960.0
tumblr,2014-01-28 15:45:00,127464.0
tumblr,2014-01-28 15:50:00,130029.0
tumblr,2014-01-28 15:55:00,132564.0
tumblr,2014-01-28 16:00:00,135679.0
tumblr,2014-01-28 16:05:00,132193.0
tumblr,2014-01-28 16:10:00,133838.0
tumblr,2014-01-28 16:15:00,137356.0
tumblr,2014-01-28 16:20:00,137237.0
tumblr,2014-01-28 16:25:00,139197.0
tumblr,2014-01-28 16:30:00,139116.0
tumblr,2014-01-28 16:35:00,139358.0
tumblr,2014-01-28 16:40:00,141242.0
tumblr,2014-01-28 16:45:00,141845.0
tumblr,2014-01-28 16:50:00,141903.0
tumblr,2014-01-28 16:55:00,143210.0
tumblr,2014-01-28 17:00:00,148593.0
tumblr,2014-01-28 17:05:00,142136.0
tumblr,2014-01-28 17:10:00,143398.0
tumblr,2014-01-28 17:15:00,143933.0
tumblr,2014-01-28 17:20:00,147036.0
tumblr,2014-01-28 17:25:00,146388.0
tumblr,2014-01-28 17:30:00,146107.0
tumblr,2014-01-28 17:35:00,145816.0
tumblr,2014-01-28 17:40:00,148489.0
tumblr,2014-01-28 17:45:00,149060.0
tumblr,2014-01-28 17:50:00,152997.0
tumblr,2014-01-28 17:55:00,151567.0
tumblr,2014-01-28 18:00:00,157169.0
tumblr,2014-01-28 18:05:00,154272.0
tumblr,2014-01-28 18:10:00,156476.0
tumblr,2014-01-28 18:15:00,157025.0
tumblr,2014-01-28 18:20:00,155917.0
tumblr,2014-01-28 18:25:00,157465.0
tumblr,2014-01-28 18:30:00,157236.0
tumblr,2014-01-28 18:35:00,152536.0
tumblr,2014-01-28 18:40:00,154397.0
tumblr,2014-01-28 18:45:00,157611.0
tumblr,2014-01-28 18:50:00,160081.0
tumblr,2014-01-28 18:55:00,160011.0
tumblr,2014-01-28 19:00:00,161613.0
tumblr,2014-01-28 19:05:00,162611.0
tumblr,2014-01-28 19:10:00,159533.0
tumblr,2014-01-28 19:15:00,161790.0
tumblr,2014-01-28 19:20:00,161829.0
tumblr,2014-01-28 19:25:00,165694.0
tumblr,2014-01-28 19:30:00,164764.0
tumblr,2014-01-28 19:35:00,166796.0
tumblr,2014-01-28 19:40:00,166097.0
tumblr,2014-01-28 19:45:00,168854.0
tumblr,2014-01-28 19:50:00,167991.0
tumblr,2014-01-28 19:55:00,169210.0
tumblr,2014-01-28 20:00:00,172693.0
tumblr,2014-01-28 20:05:00,171056.0
tumblr,2014-01-28 20:10:00,170539.0
tumblr,2014-01-28 20:15:00,175486.0
tumblr,2014-01-28 20:20:00,155278.0
tumblr,2014-01-28 20:25:00,138397.0
tumblr,2014-01-28 20:30:00,138216.0
tumblr,2014-01-28 20:35:00,142564.0
tumblr,2014-01-28 20:40:00,132974.0
tumblr,2014-01-28 20:45:00,144200.0
tumblr,2014-01-28 20:50:00,137771.0
tumblr,2014-01-28 20:55:00,145092.0
tumblr,2014-01-28 21:00:00,124009.0
tumblr,2014-01-28 21:05:00,130993.0
tumblr,2014-01-28 21:10:00,125754.0
tumblr,2014-01-28 21:15:00,129054.0
tumblr,2014-01-28 21:20:00,125159.0
tumblr,2014-01-28 21:25:00,127693.0
tumblr,2014-01-28 21:30:00,124052.0
tumblr,2014-01-28 21:35:00,165464.0
tumblr,2014-01-28 21:40:00,165891.0
tumblr,2014-01-28 21:45:00,157119.0
tumblr,2014-01-28 21:50:00,147380.0
tumblr,2014-01-28 21:55:00,148524.0
tumblr,2014-01-28 22:00:00,145356.0
tumblr,2014-01-28 22:05:00,146272.0
tumblr,2014-01-28 22:10:00,160896.0
tumblr,2014-01-28 22:15:00,159580.0
tumblr,2014-01-28 22:20:00,159075.0
tumblr,2014-01-28 22:25:00,159747.0
tumblr,2014-01-28 22:30:00,155223.0
tumblr,2014-01-28 22:35:00,159711.0
tumblr,2014-01-28 22:40:00,160604.0
tumblr,2014-01-28 22:45:00,162369.0
tumblr,2014-01-28 22:50:00,155222.0
tumblr,2014-01-28 22:55:00,183550.0
tumblr,2014-01-28 23:00:00,185973.0
tumblr,2014-01-28 23:05:00,172168.0
tumblr,2014-01-28 23:10:00,169466.0
tumblr,2014-01-28 23:15:00,170580.0
tumblr,2014-01-28 23:20:00,170855.0
tumblr,2014-01-28 23:25:00,170376.0
tumblr,2014-01-28 23:30:00,169406.0
tumblr,2014-01-28 23:35:00,171963.0
tumblr,2014-01-28 23:40:00,170163.0
tumblr,2014-01-28 23:45:00,172122.0
tumblr,2014-01-28 23:50:00,170727.0
tumblr,2014-01-28 23:55:00,170746.0
tumblr,2014-01-29 00:00:00,170379.0
tumblr,2014-01-29 00:05:00,168554.0
tumblr,2014-01-29 00:10:00,170729.0
tumblr,2014-01-29 00:15:00,170090.0
tumblr,2014-01-29 00:20:00,169550.0
tumblr,2014-01-29 00:25:00,170481.0
tumblr,2014-01-29 00:30:00,171724.0
tumblr,2014-01-29 00:35:00,170842.0
tumblr,2014-01-29 00:40:00,172343.0
tumblr,2014-01-29 00:45:00,167568.0
tumblr,2014-01-29 00:50:00,172177.0
tumblr,2014-01-29 00:55:00,170262.0
tumblr,2014-01-29 01:00:00,171672.0
tumblr,2014-01-29 01:05:00,171169.0
tumblr,2014-01-29 01:10:00,169397.0
tumblr,2014-01-29 01:15:00,169250.0
tumblr,2014-01-29 01:20:00,170697.0
tumblr,2014-01-29 01:25:00,171931.0
tumblr,2014-01-29 01:30:00,170234.0
tumblr,2014-01-29 01:35:00,172210.0
tumblr,2014-01-29 01:40:00,170691.0
tumblr,2014-01-29 01:45:00,170164.0
tumblr,2014-01-29 01:50:00,173339.0
tumblr,2014-01-29 01:55:00,168501.0
tumblr,2014-01-29 02:00:00,170551.0
tumblr,2014-01-29 02:05:00,169916.0
tumblr,2014-01-29 02:10:00,173642.0
tumblr,2014-01-29 02:15:00,172705.0
tumblr,2014-01-29 02:20:00,172106.0
tumblr,2014-01-29 02:25:00,175087.0
tumblr,2014-01-29 02:30:00,176272.0
tumblr,2014-01-29 02:35:00,173559.0
tumblr,2014-01-29 02:40:00,173709.0
tumblr,2014-01-29 02:45:00,175433.0
tumblr,2014-01-29 02:50:00,175903.0
tumblr,2014-01-29 02:55:00,175513.0
tumblr,2014-01-29 03:00:00,174554.0
tumblr,2014-01-29 03:05:00,177359.0
tumblr,2014-01-29 03:10:00,176203.0
tumblr,2014-01-29 03:15:00,173907.0
tumblr,2014-01-29 03:20:00,176677.0
tumblr,2014-01-29 03:25:00,174585.0
tumblr,2014-01-29 03:30:00,173375.0
tumblr,2014-01-29 03:35:00,173715.0
tumblr,2014-01-29 03:40:00,174102.0
tumblr,2014-01-29 03:45:00,174555.0
tumblr,2014-01-29 03:50:00,175176.0
tumblr,2014-01-29 03:55:00,175541.0
tumblr,2014-01-29 04:00:00,171346.0
tumblr,2014-01-29 04:05:00,172786.0
tumblr,2014-01-29 04:10:00,173481.0
tumblr,2014-01-29 04:15:00,171687.0
tumblr,2014-01-29 04:20:00,170884.0
tumblr,2014-01-29 04:25:00,173544.0
tumblr,2014-01-29 04:30:00,172719.0
tumblr,2014-01-29 04:35:00,169370.0
tumblr,2014-01-29 04:40:00,168588.0
tumblr,2014-01-29 04:45:00,168846.0
tumblr,2014-01-29 04:50:00,166547.0
tumblr,2014-01-29 04:55:00,168907.0
tumblr,2014-01-29 05:00:00,167722.0
tumblr,2014-01-29 05:05:00,167547.0
tumblr,2014-01-29 05:10:00,168208.0
tumblr,2014-01-29 05:15:00,167208.0
tumblr,2014-01-29 05:20:00,165872.0
tumblr,2014-01-29 05:25:00,163894.0
tumblr,2014-01-29 05:30:00,165537.0
tumblr,2014-01-29 05:35:00,162718.0
tumblr,2014-01-29 05:40:00,163602.0
tumblr,2014-01-29 05:45:00,159620.0
tumblr,2014-01-29 05:50:00,159758.0
tumblr,2014-01-29 05:55:00,163596.0
tumblr,2014-01-29 06:00:00,158505.0
tumblr,2014-01-29 06:05:00,159009.0
tumblr,2014-01-29 06:10:00,158872.0
tumblr,2014-01-29 06:15:00,154916.0
tumblr,2014-01-29 06:20:00,155081.0
tumblr,2014-01-29 06:25:00,156579.0
tumblr,2014-01-29 06:30:00,153675.0
tumblr,2014-01-29 06:35:00,154356.0
tumblr,2014-01-29 06:40:00,151958.0
tumblr,2014-01-29 06:45:00,151298.0
tumblr,2014-01-29 06:50:00,152742.0
tumblr,2014-01-29 06:55:00,149633.0
tumblr,2014-01-29 07:00:00,141208.0
tumblr,2014-01-29 07:05:00,139551.0
tumblr,2014-01-29 07:10:00,137332.0
tumblr,2014-01-29 07:15:00,138620.0
tumblr,2014-01-29 07:20:00,137235.0
tumblr,2014-01-29 07:25:00,135317.0
tumblr,2014-01-29 07:30:00,121786.0
tumblr,2014-01-29 07:35:00,119532.0
tumblr,2014-01-29 07:40:00,118725.0
tumblr,2014-01-29 07:45:00,105152.0
tumblr,2014-01-29 07:50:00,101275.0
tumblr,2014-01-29 07:55:00,99000.0
tumblr,2014-01-29 08:00:00,98748.0
tumblr,2014-01-29 08:05:00,98906.0
tumblr,2014-01-29 08:10:00,97116.0
tumblr,2014-01-29 08:15:00,96878.0
tumblr,2014-01-29 08:20:00,93490.0
tumblr,2014-01-29 08:25:00,94100.0
tumblr,2014-01-29 08:30:00,91701.0
tumblr,2014-01-29 08:35:00,91459.0
tumblr,2014-01-29 08:40:00,90822.0
tumblr,2014-01-29 08:45:00,89641.0
tumblr,2014-01-29 08:50:00,88095.0
tumblr,2014-01-29 08:55:00,88966.0
tumblr,2014-01-29 09:00:00,28877.0
tumblr,2014-01-29 09:05:00,72058.0
tumblr,2014-01-29 09:10:00,71432.0
tumblr,2014-01-29 09:15:00,70200.0
tumblr,2014-01-29 09:20:00,68593.0
tumblr,2014-01-29 09:25:00,65907.0
tumblr,2014-01-29 09:30:00,66064.0
tumblr,2014-01-29 09:35:00,66184.0
tumblr,2014-01-29 09:40:00,66203.0
tumblr,2014-01-29 09:45:00,63640.0
tumblr,2014-01-29 09:50:00,63107.0
tumblr,2014-01-29 09:55:00,64207.0
tumblr,2014-01-29 10:00:00,62013.0
tumblr,2014-01-29 10:05:00,62184.0
tumblr,2014-01-29 10:10:00,64135.0
tumblr,2014-01-29 10:15:00,63845.0
tumblr,2014-01-29 10:20:00,63270.0
tumblr,2014-01-29 10:25:00,63653.0
tumblr,2014-01-29 10:30:00,64248.0
tumblr,2014-01-29 10:35:00,65388.0
tumblr,2014-01-29 10:40:00,63850.0
tumblr,2014-01-29 10:45:00,67584.0
tumblr,2014-01-29 10:50:00,67018.0
tumblr,2014-01-29 10:55:00,67303.0
tumblr,2014-01-29 11:00:00,69817.0
tumblr,2014-01-29 11:05:00,72859.0
tumblr,2014-01-29 11:10:00,70056.0
tumblr,2014-01-29 11:15:00,72026.0
tumblr,2014-01-29 11:20:00,70603.0
tumblr,2014-01-29 11:25:00,72753.0
tumblr,2014-01-29 11:30:00,73822.0
tumblr,2014-01-29 11:35:00,73505.0
tumblr,2014-01-29 11:40:00,74942.0
tumblr,2014-01-29 11:45:00,74719.0
tumblr,2014-01-29 11:50:00,78083.0
tumblr,2014-01-29 11:55:00,76791.0
tumblr,2014-01-29 12:00:00,75779.0
tumblr,2014-01-29 12:05:00,78592.0
tumblr,2014-01-29 12:10:00,79930.0
tumblr,2014-01-29 12:15:00,80571.0
tumblr,2014-01-29 12:20:00,81602.0
tumblr,2014-01-29 12:25:00,83797.0
tumblr,2014-01-29 12:30:00,89432.0
tumblr,2014-01-29 12:35:00,85928.0
tumblr,2014-01-29 12:40:00,86516.0
tumblr,2014-01-29 12:45:00,89076.0
tumblr,2014-01-29 12:50:00,89342.0
tumblr,2014-01-29 12:55:00,90013.0
tumblr,2014-01-29 13:00:00,99614.0
tumblr,2014-01-29 13:05:00,95870.0
tumblr,2014-01-29 13:10:00,92671.0
tumblr,2014-01-29 13:15:00,94877.0
tumblr,2014-01-29 13:20:00,97276.0
tumblr,2014-01-29 13:25:00,98217.0
tumblr,2014-01-29 13:30:00,98337.0
tumblr,2014-01-29 13:35:00,101401.0
tumblr,2014-01-29 13:40:00,100164.0
tumblr,2014-01-29 13:45:00,102115.0
tumblr,2014-01-29 13:50:00,103719.0
tumblr,2014-01-29 13:55:00,107430.0
tumblr,2014-01-29 14:00:00,106862.0
tumblr,2014-01-29 14:05:00,107449.0
tumblr,2014-01-29 14:10:00,109358.0
tumblr,2014-01-29 14:15:00,107432.0
tumblr,2014-01-29 14:20:00,110443.0
tumblr,2014-01-29 14:25:00,111423.0
tumblr,2014-01-29 14:30:00,112892.0
tumblr,2014-01-29 14:35:00,111749.0
tumblr,2014-01-29 14:40:00,113534.0
tumblr,2014-01-29 14:45:00,114397.0
tumblr,2014-01-29 14:50:00,115761.0
tumblr,2014-01-29 14:55:00,117898.0
tumblr,2014-01-29 15:00:00,117830.0
tumblr,2014-01-29 15:05:00,117841.0
tumblr,2014-01-29 15:10:00,119916.0
tumblr,2014-01-29 15:15:00,122493.0
tumblr,2014-01-29 15:20:00,125038.0
tumblr,2014-01-29 15:25:00,124070.0
tumblr,2014-01-29 15:30:00,127553.0
tumblr,2014-01-29 15:35:00,127867.0
tumblr,2014-01-29 15:40:00,127982.0
tumblr,2014-01-29 15:45:00,128546.0
tumblr,2014-01-29 15:50:00,129146.0
tumblr,2014-01-29 15:55:00,132916.0
tumblr,2014-01-29 16:00:00,130917.0
tumblr,2014-01-29 16:05:00,133265.0
tumblr,2014-01-29 16:10:00,132864.0
tumblr,2014-01-29 16:15:00,136323.0
tumblr,2014-01-29 16:20:00,136569.0
tumblr,2014-01-29 16:25:00,138064.0
tumblr,2014-01-29 16:30:00,139445.0
tumblr,2014-01-29 16:35:00,140606.0
tumblr,2014-01-29 16:40:00,144022.0
tumblr,2014-01-29 16:45:00,143293.0
tumblr,2014-01-29 16:50:00,139850.0
tumblr,2014-01-29 16:55:00,141209.0
tumblr,2014-01-29 17:00:00,147926.0
tumblr,2014-01-29 17:05:00,142166.0
tumblr,2014-01-29 17:10:00,146237.0
tumblr,2014-01-29 17:15:00,146486.0
tumblr,2014-01-29 17:20:00,143082.0
tumblr,2014-01-29 17:25:00,143288.0
tumblr,2014-01-29 17:30:00,143754.0
tumblr,2014-01-29 17:35:00,142003.0
tumblr,2014-01-29 17:40:00,145907.0
tumblr,2014-01-29 17:45:00,144378.0
tumblr,2014-01-29 17:50:00,145672.0
tumblr,2014-01-29 17:55:00,146525.0
tumblr,2014-01-29 18:00:00,146579.0
tumblr,2014-01-29 18:05:00,146450.0
tumblr,2014-01-29 18:10:00,148436.0
tumblr,2014-01-29 18:15:00,145836.0
tumblr,2014-01-29 18:20:00,146804.0
tumblr,2014-01-29 18:25:00,154937.0
tumblr,2014-01-29 18:30:00,148248.0
tumblr,2014-01-29 18:35:00,149756.0
tumblr,2014-01-29 18:40:00,148281.0
tumblr,2014-01-29 18:45:00,149446.0
tumblr,2014-01-29 18:50:00,150662.0
tumblr,2014-01-29 18:55:00,148987.0
tumblr,2014-01-29 19:00:00,151663.0
tumblr,2014-01-29 19:05:00,155719.0
tumblr,2014-01-29 19:10:00,152835.0
tumblr,2014-01-29 19:15:00,153470.0
tumblr,2014-01-29 19:20:00,152963.0
tumblr,2014-01-29 19:25:00,154441.0
tumblr,2014-01-29 19:30:00,155231.0
tumblr,2014-01-29 19:35:00,157383.0
tumblr,2014-01-29 19:40:00,155479.0
tumblr,2014-01-29 19:45:00,157880.0
tumblr,2014-01-29 19:50:00,158854.0
tumblr,2014-01-29 19:55:00,158477.0
tumblr,2014-01-29 20:00:00,162816.0
tumblr,2014-01-29 20:05:00,157335.0
tumblr,2014-01-29 20:10:00,159460.0
tumblr,2014-01-29 20:15:00,159697.0
tumblr,2014-01-29 20:20:00,165342.0
tumblr,2014-01-29 20:25:00,167256.0
tumblr,2014-01-29 20:30:00,172582.0
tumblr,2014-01-29 20:35:00,167598.0
tumblr,2014-01-29 20:40:00,171363.0
tumblr,2014-01-29 20:45:00,168462.0
tumblr,2014-01-29 20:50:00,170485.0
tumblr,2014-01-29 20:55:00,164298.0
tumblr,2014-01-29 21:00:00,171251.0
tumblr,2014-01-29 21:05:00,169445.0
tumblr,2014-01-29 21:10:00,171752.0
tumblr,2014-01-29 21:15:00,168429.0
tumblr,2014-01-29 21:20:00,169267.0
tumblr,2014-01-29 21:25:00,169768.0
tumblr,2014-01-29 21:30:00,170010.0
tumblr,2014-01-29 21:35:00,170921.0
tumblr,2014-01-29 21:40:00,171127.0
tumblr,2014-01-29 21:45:00,172047.0
tumblr,2014-01-29 21:50:00,177352.0
tumblr,2014-01-29 21:55:00,172938.0
tumblr,2014-01-29 22:00:00,171017.0
tumblr,2014-01-29 22:05:00,178384.0
tumblr,2014-01-29 22:10:00,173070.0
tumblr,2014-01-29 22:15:00,171056.0
tumblr,2014-01-29 22:20:00,175725.0
tumblr,2014-01-29 22:25:00,175857.0
tumblr,2014-01-29 22:30:00,166759.0
tumblr,2014-01-29 22:35:00,172015.0
tumblr,2014-01-29 22:40:00,170227.0
tumblr,2014-01-29 22:45:00,170652.0
tumblr,2014-01-29 22:50:00,171849.0
tumblr,2014-01-29 22:55:00,175931.0
tumblr,2014-01-29 23:00:00,171016.0
tumblr,2014-01-29 23:05:00,169769.0
tumblr,2014-01-29 23:10:00,168655.0
tumblr,2014-01-29 23:15:00,176480.0
tumblr,2014-01-29 23:20:00,169816.0
tumblr,2014-01-29 23:25:00,170310.0
tumblr,2014-01-29 23:30:00,169006.0
tumblr,2014-01-29 23:35:00,175009.0
tumblr,2014-01-29 23:40:00,167044.0
tumblr,2014-01-29 23:45:00,169579.0
tumblr,2014-01-29 23:50:00,167563.0
tumblr,2014-01-29 23:55:00,169982.0
tumblr,2014-01-30 00:00:00,166215.0
tumblr,2014-01-30 00:05:00,175870.0
tumblr,2014-01-30 00:10:00,169058.0
tumblr,2014-01-30 00:15:00,168143.0
tumblr,2014-01-30 00:20:00,169946.0
tumblr,2014-01-30 00:25:00,171350.0
tumblr,2014-01-30 00:30:00,167004.0
tumblr,2014-01-30 00:35:00,173957.0
tumblr,2014-01-30 00:40:00,173543.0
tumblr,2014-01-30 00:45:00,176154.0
tumblr,2014-01-30 00:50:00,167335.0
tumblr,2014-01-30 00:55:00,167558.0
tumblr,2014-01-30 01:00:00,166905.0
tumblr,2014-01-30 01:05:00,167028.0
tumblr,2014-01-30 01:10:00,167001.0
tumblr,2014-01-30 01:15:00,169791.0
tumblr,2014-01-30 01:20:00,167292.0
tumblr,2014-01-30 01:25:00,167286.0
tumblr,2014-01-30 01:30:00,170842.0
tumblr,2014-01-30 01:35:00,169451.0
tumblr,2014-01-30 01:40:00,170040.0
tumblr,2014-01-30 01:45:00,147798.0
tumblr,2014-01-30 01:50:00,149344.0
tumblr,2014-01-30 01:55:00,170107.0
tumblr,2014-01-30 02:00:00,167048.0
tumblr,2014-01-30 02:05:00,161358.0
tumblr,2014-01-30 02:10:00,172716.0
tumblr,2014-01-30 02:15:00,169047.0
tumblr,2014-01-30 02:20:00,171078.0
tumblr,2014-01-30 02:25:00,169506.0
tumblr,2014-01-30 02:30:00,171203.0
tumblr,2014-01-30 02:35:00,175234.0
tumblr,2014-01-30 02:40:00,176822.0
tumblr,2014-01-30 02:45:00,174919.0
tumblr,2014-01-30 02:50:00,172430.0
tumblr,2014-01-30 02:55:00,170971.0
tumblr,2014-01-30 03:00:00,170783.0
tumblr,2014-01-30 03:05:00,170327.0
tumblr,2014-01-30 03:10:00,170964.0
tumblr,2014-01-30 03:15:00,170736.0
tumblr,2014-01-30 03:20:00,169817.0
tumblr,2014-01-30 03:25:00,169255.0
tumblr,2014-01-30 03:30:00,169381.0
tumblr,2014-01-30 03:35:00,159365.0
tumblr,2014-01-30 03:40:00,156300.0
tumblr,2014-01-30 03:45:00,172777.0
tumblr,2014-01-30 03:50:00,173584.0
tumblr,2014-01-30 03:55:00,169287.0
tumblr,2014-01-30 04:00:00,169123.0
tumblr,2014-01-30 04:05:00,171523.0
tumblr,2014-01-30 04:10:00,172235.0
tumblr,2014-01-30 04:15:00,168031.0
tumblr,2014-01-30 04:20:00,170930.0
tumblr,2014-01-30 04:25:00,165644.0
tumblr,2014-01-30 04:30:00,168429.0
tumblr,2014-01-30 04:35:00,168401.0
tumblr,2014-01-30 04:40:00,171485.0
tumblr,2014-01-30 04:45:00,169162.0
tumblr,2014-01-30 04:50:00,165568.0
tumblr,2014-01-30 04:55:00,165543.0
tumblr,2014-01-30 05:00:00,168340.0
tumblr,2014-01-30 05:05:00,156232.0
tumblr,2014-01-30 05:10:00,164420.0
tumblr,2014-01-30 05:15:00,162747.0
tumblr,2014-01-30 05:20:00,163964.0
tumblr,2014-01-30 05:25:00,159809.0
tumblr,2014-01-30 05:30:00,165771.0
tumblr,2014-01-30 05:35:00,159290.0
tumblr,2014-01-30 05:40:00,156795.0
tumblr,2014-01-30 05:45:00,156019.0
tumblr,2014-01-30 05:50:00,157315.0
tumblr,2014-01-30 05:55:00,156206.0
tumblr,2014-01-30 06:00:00,141292.0
tumblr,2014-01-30 06:05:00,145549.0
tumblr,2014-01-30 06:10:00,148022.0
tumblr,2014-01-30 06:15:00,138980.0
tumblr,2014-01-30 06:20:00,132417.0
tumblr,2014-01-30 06:25:00,132811.0
tumblr,2014-01-30 06:30:00,131217.0
tumblr,2014-01-30 06:35:00,120906.0
tumblr,2014-01-30 06:40:00,118757.0
tumblr,2014-01-30 06:45:00,115916.0
tumblr,2014-01-30 06:50:00,117299.0
tumblr,2014-01-30 06:55:00,102108.0
tumblr,2014-01-30 07:00:00,108704.0
tumblr,2014-01-30 07:05:00,105035.0
tumblr,2014-01-30 07:10:00,101506.0
tumblr,2014-01-30 07:15:00,97564.0
tumblr,2014-01-30 07:20:00,101750.0
tumblr,2014-01-30 07:25:00,91668.0
tumblr,2014-01-30 07:30:00,99073.0
tumblr,2014-01-30 07:35:00,95565.0
tumblr,2014-01-30 07:40:00,89923.0
tumblr,2014-01-30 07:45:00,90642.0
tumblr,2014-01-30 07:50:00,94530.0
tumblr,2014-01-30 07:55:00,88721.0
tumblr,2014-01-30 08:00:00,75905.0
tumblr,2014-01-30 08:05:00,83904.0
tumblr,2014-01-30 08:10:00,80310.0
tumblr,2014-01-30 08:15:00,77029.0
tumblr,2014-01-30 08:20:00,79942.0
tumblr,2014-01-30 08:25:00,79911.0
tumblr,2014-01-30 08:30:00,76810.0
tumblr,2014-01-30 08:35:00,66750.0
tumblr,2014-01-30 08:40:00,73116.0
tumblr,2014-01-30 08:45:00,73485.0
tumblr,2014-01-30 08:50:00,63832.0
tumblr,2014-01-30 08:55:00,69359.0
tumblr,2014-01-30 09:00:00,43911.0
tumblr,2014-01-30 09:05:00,63569.0
tumblr,2014-01-30 09:10:00,73910.0
tumblr,2014-01-30 09:15:00,67987.0
tumblr,2014-01-30 09:20:00,69699.0
tumblr,2014-01-30 09:25:00,57786.0
tumblr,2014-01-30 09:30:00,65282.0
tumblr,2014-01-30 09:35:00,65089.0
tumblr,2014-01-30 09:40:00,66839.0
tumblr,2014-01-30 09:45:00,62705.0
tumblr,2014-01-30 09:50:00,67900.0
tumblr,2014-01-30 09:55:00,64935.0
tumblr,2014-01-30 10:00:00,55512.0
tumblr,2014-01-30 10:05:00,62731.0
tumblr,2014-01-30 10:10:00,63744.0
tumblr,2014-01-30 10:15:00,65946.0
tumblr,2014-01-30 10:20:00,59249.0
tumblr,2014-01-30 10:25:00,64772.0
tumblr,2014-01-30 10:30:00,66624.0
tumblr,2014-01-30 10:35:00,56130.0
tumblr,2014-01-30 10:40:00,68795.0
tumblr,2014-01-30 10:45:00,68681.0
tumblr,2014-01-30 10:50:00,64621.0
tumblr,2014-01-30 10:55:00,62566.0
tumblr,2014-01-30 11:00:00,66810.0
tumblr,2014-01-30 11:05:00,70320.0
tumblr,2014-01-30 11:10:00,60664.0
tumblr,2014-01-30 11:15:00,73548.0
tumblr,2014-01-30 11:20:00,72399.0
tumblr,2014-01-30 11:25:00,64876.0
tumblr,2014-01-30 11:30:00,78939.0
tumblr,2014-01-30 11:35:00,75434.0
tumblr,2014-01-30 11:40:00,76341.0
tumblr,2014-01-30 11:45:00,67967.0
tumblr,2014-01-30 11:50:00,77144.0
tumblr,2014-01-30 11:55:00,78254.0
tumblr,2014-01-30 12:00:00,70276.0
tumblr,2014-01-30 12:05:00,79512.0
tumblr,2014-01-30 12:10:00,81235.0
tumblr,2014-01-30 12:15:00,79533.0
tumblr,2014-01-30 12:20:00,78586.0
tumblr,2014-01-30 12:25:00,82936.0
tumblr,2014-01-30 12:30:00,83815.0
tumblr,2014-01-30 12:35:00,74035.0
tumblr,2014-01-30 12:40:00,86899.0
tumblr,2014-01-30 12:45:00,88268.0
tumblr,2014-01-30 12:50:00,82779.0
tumblr,2014-01-30 12:55:00,84736.0
tumblr,2014-01-30 13:00:00,94707.0
tumblr,2014-01-30 13:05:00,88039.0
tumblr,2014-01-30 13:10:00,80611.0
tumblr,2014-01-30 13:15:00,92829.0
tumblr,2014-01-30 13:20:00,93867.0
tumblr,2014-01-30 13:25:00,90972.0
tumblr,2014-01-30 13:30:00,94489.0
tumblr,2014-01-30 13:35:00,96807.0
tumblr,2014-01-30 13:40:00,99279.0
tumblr,2014-01-30 13:45:00,89667.0
tumblr,2014-01-30 13:50:00,99247.0
tumblr,2014-01-30 13:55:00,100979.0
tumblr,2014-01-30 14:00:00,94946.0
tumblr,2014-01-30 14:05:00,105075.0
tumblr,2014-01-30 14:10:00,103435.0
tumblr,2014-01-30 14:15:00,104649.0
tumblr,2014-01-30 14:20:00,96414.0
tumblr,2014-01-30 14:25:00,108919.0
tumblr,2014-01-30 14:30:00,107083.0
tumblr,2014-01-30 14:35:00,107397.0
tumblr,2014-01-30 14:40:00,101512.0
tumblr,2014-01-30 14:45:00,109127.0
tumblr,2014-01-30 14:50:00,117216.0
tumblr,2014-01-30 14:55:00,102706.0
tumblr,2014-01-30 15:00:00,112421.0
tumblr,2014-01-30 15:05:00,111545.0
tumblr,2014-01-30 15:10:00,110322.0
tumblr,2014-01-30 15:15:00,112087.0
tumblr,2014-01-30 15:20:00,118395.0
tumblr,2014-01-30 15:25:00,118320.0
tumblr,2014-01-30 15:30:00,109882.0
tumblr,2014-01-30 15:35:00,118815.0
tumblr,2014-01-30 15:40:00,120902.0
tumblr,2014-01-30 15:45:00,117403.0
tumblr,2014-01-30 15:50:00,122427.0
tumblr,2014-01-30 15:55:00,125816.0
tumblr,2014-01-30 16:00:00,125659.0
tumblr,2014-01-30 16:05:00,117792.0
tumblr,2014-01-30 16:10:00,125622.0
tumblr,2014-01-30 16:15:00,131567.0
tumblr,2014-01-30 16:20:00,119451.0
tumblr,2014-01-30 16:25:00,129042.0
tumblr,2014-01-30 16:30:00,128642.0
tumblr,2014-01-30 16:35:00,130131.0
tumblr,2014-01-30 16:40:00,128814.0
tumblr,2014-01-30 16:45:00,132387.0
tumblr,2014-01-30 16:50:00,133093.0
tumblr,2014-01-30 16:55:00,123230.0
tumblr,2014-01-30 17:00:00,144625.0
tumblr,2014-01-30 17:05:00,136122.0
tumblr,2014-01-30 17:10:00,135894.0
tumblr,2014-01-30 17:15:00,129527.0
tumblr,2014-01-30 17:20:00,139076.0
tumblr,2014-01-30 17:25:00,138001.0
tumblr,2014-01-30 17:30:00,131687.0
tumblr,2014-01-30 17:35:00,137748.0
tumblr,2014-01-30 17:40:00,137545.0
tumblr,2014-01-30 17:45:00,137142.0
tumblr,2014-01-30 17:50:00,133503.0
tumblr,2014-01-30 17:55:00,131342.0
tumblr,2014-01-30 18:00:00,
tumblr,2014-01-30 18:05:00,
tumblr,2014-01-30 18:10:00,127240.0
tumblr,2014-01-30 18:15:00,120474.0
tumblr,2014-01-30 18:20:00,129418.0
tumblr,2014-01-30 18:25:00,129876.0
tumblr,2014-01-30 18:30:00,137649.0
tumblr,2014-01-30 18:35:00,139735.0
tumblr,2014-01-30 18:40:00,146464.0
tumblr,2014-01-30 18:45:00,142115.0
tumblr,2014-01-30 18:50:00,145932.0
tumblr,2014-01-30 18:55:00,141031.0
tumblr,2014-01-30 19:00:00,148645.0
tumblr,2014-01-30 19:05:00,142799.0
tumblr,2014-01-30 19:10:00,138410.0
tumblr,2014-01-30 19:15:00,143108.0
tumblr,2014-01-30 19:20:00,146807.0
tumblr,2014-01-30 19:25:00,140211.0
tumblr,2014-01-30 19:30:00,148218.0
tumblr,2014-01-30 19:35:00,151159.0
tumblr,2014-01-30 19:40:00,148732.0
tumblr,2014-01-30 19:45:00,149051.0
tumblr,2014-01-30 19:50:00,156217.0
tumblr,2014-01-30 19:55:00,152560.0
tumblr,2014-01-30 20:00:00,148944.0
tumblr,2014-01-30 20:05:00,154795.0
tumblr,2014-01-30 20:10:00,157900.0
tumblr,2014-01-30 20:15:00,156698.0
tumblr,2014-01-30 20:20:00,161442.0
tumblr,2014-01-30 20:25:00,162170.0
tumblr,2014-01-30 20:30:00,163922.0
tumblr,2014-01-30 20:35:00,151038.0
tumblr,2014-01-30 20:40:00,164192.0
tumblr,2014-01-30 20:45:00,162543.0
tumblr,2014-01-30 20:50:00,152706.0
tumblr,2014-01-30 20:55:00,150507.0
tumblr,2014-01-30 21:00:00,150725.0
tumblr,2014-01-30 21:05:00,149712.0
tumblr,2014-01-30 21:10:00,163151.0
tumblr,2014-01-30 21:15:00,166362.0
tumblr,2014-01-30 21:20:00,167235.0
tumblr,2014-01-30 21:25:00,167111.0
tumblr,2014-01-30 21:30:00,162197.0
tumblr,2014-01-30 21:35:00,165594.0
tumblr,2014-01-30 21:40:00,160897.0
tumblr,2014-01-30 21:45:00,165309.0
tumblr,2014-01-30 21:50:00,167784.0
tumblr,2014-01-30 21:55:00,167557.0
tumblr,2014-01-30 22:00:00,166482.0
tumblr,2014-01-30 22:05:00,162548.0
tumblr,2014-01-30 22:10:00,166016.0
tumblr,2014-01-30 22:15:00,169318.0
tumblr,2014-01-30 22:20:00,165264.0
tumblr,2014-01-30 22:25:00,159807.0
tumblr,2014-01-30 22:30:00,170897.0
tumblr,2014-01-30 22:35:00,167815.0
tumblr,2014-01-30 22:40:00,169347.0
tumblr,2014-01-30 22:45:00,166279.0
tumblr,2014-01-30 22:50:00,165605.0
tumblr,2014-01-30 22:55:00,170311.0
tumblr,2014-01-30 23:00:00,168417.0
tumblr,2014-01-30 23:05:00,169890.0
tumblr,2014-01-30 23:10:00,168379.0
tumblr,2014-01-30 23:15:00,163843.0
tumblr,2014-01-30 23:20:00,168015.0
tumblr,2014-01-30 23:25:00,169717.0
tumblr,2014-01-30 23:30:00,169500.0
tumblr,2014-01-30 23:35:00,165345.0
tumblr,2014-01-30 23:40:00,168262.0
tumblr,2014-01-30 23:45:00,164344.0
tumblr,2014-01-30 23:50:00,168446.0
tumblr,2014-01-30 23:55:00,163372.0
tumblr,2014-01-31 00:00:00,167683.0
tumblr,2014-01-31 00:05:00,166981.0
tumblr,2014-01-31 00:10:00,164259.0
tumblr,2014-01-31 00:15:00,169038.0
tumblr,2014-01-31 00:20:00,166760.0
tumblr,2014-01-31 00:25:00,163749.0
tumblr,2014-01-31 00:30:00,165623.0
tumblr,2014-01-31 00:35:00,164296.0
tumblr,2014-01-31 00:40:00,164513.0
tumblr,2014-01-31 00:45:00,162449.0
tumblr,2014-01-31 00:50:00,164577.0
tumblr,2014-01-31 00:55:00,165504.0
tumblr,2014-01-31 01:00:00,166429.0
tumblr,2014-01-31 01:05:00,162250.0
tumblr,2014-01-31 01:10:00,164991.0
tumblr,2014-01-31 01:15:00,166825.0
tumblr,2014-01-31 01:20:00,165161.0
tumblr,2014-01-31 01:25:00,166797.0
tumblr,2014-01-31 01:30:00,166331.0
tumblr,2014-01-31 01:35:00,167625.0
tumblr,2014-01-31 01:40:00,167626.0
tumblr,2014-01-31 01:45:00,166012.0
tumblr,2014-01-31 01:50:00,169570.0
tumblr,2014-01-31 01:55:00,164989.0
tumblr,2014-01-31 02:00:00,169129.0
tumblr,2014-01-31 02:05:00,169266.0
tumblr,2014-01-31 02:10:00,169411.0
tumblr,2014-01-31 02:15:00,171910.0
tumblr,2014-01-31 02:20:00,171457.0
tumblr,2014-01-31 02:25:00,172434.0
tumblr,2014-01-31 02:30:00,168602.0
tumblr,2014-01-31 02:35:00,172766.0
tumblr,2014-01-31 02:40:00,171751.0
tumblr,2014-01-31 02:45:00,169430.0
tumblr,2014-01-31 02:50:00,172871.0
tumblr,2014-01-31 02:55:00,174317.0
tumblr,2014-01-31 03:00:00,172534.0
tumblr,2014-01-31 03:05:00,170527.0
tumblr,2014-01-31 03:10:00,173174.0
tumblr,2014-01-31 03:15:00,173157.0
tumblr,2014-01-31 03:20:00,169601.0
tumblr,2014-01-31 03:25:00,172904.0
tumblr,2014-01-31 03:30:00,172929.0
tumblr,2014-01-31 03:35:00,173220.0
tumblr,2014-01-31 03:40:00,170991.0
tumblr,2014-01-31 03:45:00,172420.0
tumblr,2014-01-31 03:50:00,174783.0
tumblr,2014-01-31 03:55:00,168427.0
tumblr,2014-01-31 04:00:00,169513.0
tumblr,2014-01-31 04:05:00,170834.0
tumblr,2014-01-31 04:10:00,172750.0
tumblr,2014-01-31 04:15:00,167527.0
tumblr,2014-01-31 04:20:00,169582.0
tumblr,2014-01-31 04:25:00,169835.0
tumblr,2014-01-31 04:30:00,167892.0
tumblr,2014-01-31 04:35:00,169466.0
tumblr,2014-01-31 04:40:00,168830.0
tumblr,2014-01-31 04:45:00,165169.0
tumblr,2014-01-31 04:50:00,164562.0
tumblr,2014-01-31 04:55:00,164759.0
tumblr,2014-01-31 05:00:00,163997.0
tumblr,2014-01-31 05:05:00,160447.0
tumblr,2014-01-31 05:10:00,159658.0
tumblr,2014-01-31 05:15:00,164029.0
tumblr,2014-01-31 05:20:00,159563.0
tumblr,2014-01-31 05:25:00,155721.0
tumblr,2014-01-31 05:30:00,158904.0
tumblr,2014-01-31 05:35:00,154767.0
tumblr,2014-01-31 05:40:00,156200.0
tumblr,2014-01-31 05:45:00,153293.0
tumblr,2014-01-31 05:50:00,143454.0
tumblr,2014-01-31 05:55:00,144382.0
tumblr,2014-01-31 06:00:00,125247.0
tumblr,2014-01-31 06:05:00,132967.0
tumblr,2014-01-31 06:10:00,132369.0
tumblr,2014-01-31 06:15:00,121252.0
tumblr,2014-01-31 06:20:00,124345.0
tumblr,2014-01-31 06:25:00,124645.0
tumblr,2014-01-31 06:30:00,123265.0
tumblr,2014-01-31 06:35:00,110369.0
tumblr,2014-01-31 06:40:00,116479.0
tumblr,2014-01-31 06:45:00,115467.0
tumblr,2014-01-31 06:50:00,107013.0
tumblr,2014-01-31 06:55:00,109574.0
tumblr,2014-01-31 07:00:00,106275.0
tumblr,2014-01-31 07:05:00,107169.0
tumblr,2014-01-31 07:10:00,96668.0
tumblr,2014-01-31 07:15:00,104599.0
tumblr,2014-01-31 07:20:00,103881.0
tumblr,2014-01-31 07:25:00,89709.0
tumblr,2014-01-31 07:30:00,98269.0
tumblr,2014-01-31 07:35:00,94222.0
tumblr,2014-01-31 07:40:00,94941.0
tumblr,2014-01-31 07:45:00,83307.0
tumblr,2014-01-31 07:50:00,91922.0
tumblr,2014-01-31 07:55:00,87081.0
tumblr,2014-01-31 08:00:00,77615.0
tumblr,2014-01-31 08:05:00,85515.0
tumblr,2014-01-31 08:10:00,85019.0
tumblr,2014-01-31 08:15:00,83238.0
tumblr,2014-01-31 08:20:00,72630.0
tumblr,2014-01-31 08:25:00,77058.0
tumblr,2014-01-31 08:30:00,78569.0
tumblr,2014-01-31 08:35:00,68439.0
tumblr,2014-01-31 08:40:00,77890.0
tumblr,2014-01-31 08:45:00,73786.0
tumblr,2014-01-31 08:50:00,72376.0
tumblr,2014-01-31 08:55:00,63082.0
tumblr,2014-01-31 09:00:00,52531.0
tumblr,2014-01-31 09:05:00,70030.0
tumblr,2014-01-31 09:10:00,63257.0
tumblr,2014-01-31 09:15:00,69395.0
tumblr,2014-01-31 09:20:00,71355.0
tumblr,2014-01-31 09:25:00,66045.0
tumblr,2014-01-31 09:30:00,57885.0
tumblr,2014-01-31 09:35:00,67678.0
tumblr,2014-01-31 09:40:00,69780.0
tumblr,2014-01-31 09:45:00,57113.0
tumblr,2014-01-31 09:50:00,64635.0
tumblr,2014-01-31 09:55:00,65677.0
tumblr,2014-01-31 10:00:00,59446.0
tumblr,2014-01-31 10:05:00,62183.0
tumblr,2014-01-31 10:10:00,66374.0
tumblr,2014-01-31 10:15:00,66191.0
tumblr,2014-01-31 10:20:00,56547.0
tumblr,2014-01-31 10:25:00,67419.0
tumblr,2014-01-31 10:30:00,69584.0
tumblr,2014-01-31 10:35:00,63852.0
tumblr,2014-01-31 10:40:00,63917.0
tumblr,2014-01-31 10:45:00,68991.0
tumblr,2014-01-31 10:50:00,68287.0
tumblr,2014-01-31 10:55:00,60140.0
tumblr,2014-01-31 11:00:00,75169.0
tumblr,2014-01-31 11:05:00,75069.0
tumblr,2014-01-31 11:10:00,66286.0
tumblr,2014-01-31 11:15:00,74477.0
tumblr,2014-01-31 11:20:00,72933.0
tumblr,2014-01-31 11:25:00,74104.0
tumblr,2014-01-31 11:30:00,66898.0
tumblr,2014-01-31 11:35:00,75953.0
tumblr,2014-01-31 11:40:00,79539.0
tumblr,2014-01-31 11:45:00,75219.0
tumblr,2014-01-31 11:50:00,89658.0
tumblr,2014-01-31 11:55:00,85595.0
tumblr,2014-01-31 12:00:00,79983.0
tumblr,2014-01-31 12:05:00,71446.0
tumblr,2014-01-31 12:10:00,82752.0
tumblr,2014-01-31 12:15:00,82468.0
tumblr,2014-01-31 12:20:00,75539.0
tumblr,2014-01-31 12:25:00,82233.0
tumblr,2014-01-31 12:30:00,90983.0
tumblr,2014-01-31 12:35:00,86923.0
tumblr,2014-01-31 12:40:00,90577.0
tumblr,2014-01-31 12:45:00,83054.0
tumblr,2014-01-31 12:50:00,85724.0
tumblr,2014-01-31 12:55:00,89724.0
tumblr,2014-01-31 13:00:00,98657.0
tumblr,2014-01-31 13:05:00,85140.0
tumblr,2014-01-31 13:10:00,96366.0
tumblr,2014-01-31 13:15:00,94286.0
tumblr,2014-01-31 13:20:00,87316.0
tumblr,2014-01-31 13:25:00,96686.0
tumblr,2014-01-31 13:30:00,98171.0
tumblr,2014-01-31 13:35:00,97871.0
tumblr,2014-01-31 13:40:00,91510.0
tumblr,2014-01-31 13:45:00,99554.0
tumblr,2014-01-31 13:50:00,100055.0
tumblr,2014-01-31 13:55:00,98547.0
tumblr,2014-01-31 14:00:00,102845.0
tumblr,2014-01-31 14:05:00,106551.0
tumblr,2014-01-31 14:10:00,105818.0
tumblr,2014-01-31 14:15:00,97212.0
tumblr,2014-01-31 14:20:00,103824.0
tumblr,2014-01-31 14:25:00,107116.0
tumblr,2014-01-31 14:30:00,108816.0
tumblr,2014-01-31 14:35:00,120098.0
tumblr,2014-01-31 14:40:00,111077.0
tumblr,2014-01-31 14:45:00,110237.0
tumblr,2014-01-31 14:50:00,104700.0
tumblr,2014-01-31 14:55:00,117981.0
tumblr,2014-01-31 15:00:00,118403.0
tumblr,2014-01-31 15:05:00,106138.0
tumblr,2014-01-31 15:10:00,116670.0
tumblr,2014-01-31 15:15:00,125530.0
tumblr,2014-01-31 15:20:00,113865.0
tumblr,2014-01-31 15:25:00,115567.0
tumblr,2014-01-31 15:30:00,111100.0
tumblr,2014-01-31 15:35:00,115414.0
tumblr,2014-01-31 15:40:00,122918.0
tumblr,2014-01-31 15:45:00,125924.0
tumblr,2014-01-31 15:50:00,131918.0
tumblr,2014-01-31 15:55:00,118105.0
tumblr,2014-01-31 16:00:00,124167.0
tumblr,2014-01-31 16:05:00,122734.0
tumblr,2014-01-31 16:10:00,124545.0
tumblr,2014-01-31 16:15:00,120476.0
tumblr,2014-01-31 16:20:00,132891.0
tumblr,2014-01-31 16:25:00,131554.0
tumblr,2014-01-31 16:30:00,130148.0
tumblr,2014-01-31 16:35:00,129666.0
tumblr,2014-01-31 16:40:00,127208.0
tumblr,2014-01-31 16:45:00,133971.0
tumblr,2014-01-31 16:50:00,130176.0
tumblr,2014-01-31 16:55:00,129153.0
tumblr,2014-01-31 17:00:00,137743.0
tumblr,2014-01-31 17:05:00,130907.0
tumblr,2014-01-31 17:10:00,124626.0
tumblr,2014-01-31 17:15:00,134972.0
tumblr,2014-01-31 17:20:00,133606.0
tumblr,2014-01-31 17:25:00,135018.0
tumblr,2014-01-31 17:30:00,126426.0
tumblr,2014-01-31 17:35:00,134501.0
tumblr,2014-01-31 17:40:00,134849.0
tumblr,2014-01-31 17:45:00,125879.0
tumblr,2014-01-31 17:50:00,135358.0
tumblr,2014-01-31 17:55:00,134639.0
tumblr,2014-01-31 18:00:00,136312.0
tumblr,2014-01-31 18:05:00,127549.0
tumblr,2014-01-31 18:10:00,140497.0
tumblr,2014-01-31 18:15:00,139049.0
tumblr,2014-01-31 18:20:00,129564.0
tumblr,2014-01-31 18:25:00,135668.0
tumblr,2014-01-31 18:30:00,138021.0
tumblr,2014-01-31 18:35:00,137723.0
tumblr,2014-01-31 18:40:00,127879.0
tumblr,2014-01-31 18:45:00,137326.0
tumblr,2014-01-31 18:50:00,135985.0
tumblr,2014-01-31 18:55:00,129436.0
tumblr,2014-01-31 19:00:00,141400.0
tumblr,2014-01-31 19:05:00,140075.0
tumblr,2014-01-31 19:10:00,138740.0
tumblr,2014-01-31 19:15:00,128322.0
tumblr,2014-01-31 19:20:00,139162.0
tumblr,2014-01-31 19:25:00,140577.0
tumblr,2014-01-31 19:30:00,136600.0
tumblr,2014-01-31 19:35:00,137367.0
tumblr,2014-01-31 19:40:00,143031.0
tumblr,2014-01-31 19:45:00,146900.0
tumblr,2014-01-31 19:50:00,136815.0
tumblr,2014-01-31 19:55:00,147752.0
tumblr,2014-01-31 20:00:00,152547.0
tumblr,2014-01-31 20:05:00,130672.0
tumblr,2014-01-31 20:10:00,147196.0
tumblr,2014-01-31 20:15:00,134232.0
tumblr,2014-01-31 20:20:00,129483.0
tumblr,2014-01-31 20:25:00,118718.0
tumblr,2014-01-31 20:30:00,163013.0
tumblr,2014-01-31 20:35:00,150600.0
tumblr,2014-01-31 20:40:00,140056.0
tumblr,2014-01-31 20:45:00,155503.0
tumblr,2014-01-31 20:50:00,157884.0
tumblr,2014-01-31 20:55:00,133819.0
tumblr,2014-01-31 21:00:00,156996.0
tumblr,2014-01-31 21:05:00,145695.0
tumblr,2014-01-31 21:10:00,163406.0
tumblr,2014-01-31 21:15:00,139272.0
tumblr,2014-01-31 21:20:00,158379.0
tumblr,2014-01-31 21:25:00,145257.0
tumblr,2014-01-31 21:30:00,150394.0
tumblr,2014-01-31 21:35:00,164032.0
tumblr,2014-01-31 21:40:00,149764.0
tumblr,2014-01-31 21:45:00,152617.0
tumblr,2014-01-31 21:50:00,163511.0
tumblr,2014-01-31 21:55:00,146258.0
tumblr,2014-01-31 22:00:00,145129.0
tumblr,2014-01-31 22:05:00,156187.0
tumblr,2014-01-31 22:10:00,153789.0
tumblr,2014-01-31 22:15:00,169162.0
tumblr,2014-01-31 22:20:00,155238.0
tumblr,2014-01-31 22:25:00,152859.0
tumblr,2014-01-31 22:30:00,151878.0
tumblr,2014-01-31 22:35:00,153902.0
tumblr,2014-01-31 22:40:00,156341.0
tumblr,2014-01-31 22:45:00,154088.0
tumblr,2014-01-31 22:50:00,169905.0
tumblr,2014-01-31 22:55:00,168053.0
tumblr,2014-01-31 23:00:00,170868.0
tumblr,2014-01-31 23:05:00,168570.0
tumblr,2014-01-31 23:10:00,168348.0
tumblr,2014-01-31 23:15:00,168099.0
tumblr,2014-01-31 23:20:00,167962.0
tumblr,2014-01-31 23:25:00,170541.0
tumblr,2014-01-31 23:30:00,167018.0
tumblr,2014-01-31 23:35:00,167680.0
tumblr,2014-01-31 23:40:00,156603.0
tumblr,2014-01-31 23:45:00,166205.0
tumblr,2014-01-31 23:50:00,162109.0
tumblr,2014-01-31 23:55:00,168219.0
tumblr,2014-02-01 00:00:00,165124.0
tumblr,2014-02-01 00:05:00,164971.0
tumblr,2014-02-01 00:10:00,161708.0
tumblr,2014-02-01 00:15:00,148990.0
tumblr,2014-02-01 00:20:00,163073.0
tumblr,2014-02-01 00:25:00,162391.0
tumblr,2014-02-01 00:30:00,157497.0
tumblr,2014-02-01 00:35:00,160884.0
tumblr,2014-02-01 00:40:00,162782.0
tumblr,2014-02-01 00:45:00,164067.0
tumblr,2014-02-01 00:50:00,145370.0
tumblr,2014-02-01 00:55:00,161322.0
tumblr,2014-02-01 01:00:00,155614.0
tumblr,2014-02-01 01:05:00,146352.0
tumblr,2014-02-01 01:10:00,154347.0
tumblr,2014-02-01 01:15:00,152538.0
tumblr,2014-02-01 01:20:00,151445.0
tumblr,2014-02-01 01:25:00,136432.0
tumblr,2014-02-01 01:30:00,151459.0
tumblr,2014-02-01 01:35:00,150230.0
tumblr,2014-02-01 01:40:00,143132.0
tumblr,2014-02-01 01:45:00,154840.0
tumblr,2014-02-01 01:50:00,154634.0
tumblr,2014-02-01 01:55:00,161708.0
tumblr,2014-02-01 02:00:00,154531.0
tumblr,2014-02-01 02:05:00,155845.0
tumblr,2014-02-01 02:10:00,162800.0
tumblr,2014-02-01 02:15:00,162335.0
tumblr,2014-02-01 02:20:00,157340.0
tumblr,2014-02-01 02:25:00,154446.0
tumblr,2014-02-01 02:30:00,160303.0
tumblr,2014-02-01 02:35:00,160197.0
tumblr,2014-02-01 02:40:00,150352.0
tumblr,2014-02-01 02:45:00,154273.0
tumblr,2014-02-01 02:50:00,164303.0
tumblr,2014-02-01 02:55:00,160042.0
tumblr,2014-02-01 03:00:00,156567.0
tumblr,2014-02-01 03:05:00,163236.0
tumblr,2014-02-01 03:10:00,164250.0
tumblr,2014-02-01 03:15:00,162857.0
tumblr,2014-02-01 03:20:00,161161.0
tumblr,2014-02-01 03:25:00,164009.0
tumblr,2014-02-01 03:30:00,163021.0
tumblr,2014-02-01 03:35:00,155255.0
tumblr,2014-02-01 03:40:00,165020.0
tumblr,2014-02-01 03:45:00,162875.0
tumblr,2014-02-01 03:50:00,160922.0
tumblr,2014-02-01 03:55:00,150373.0
tumblr,2014-02-01 04:00:00,167890.0
tumblr,2014-02-01 04:05:00,157417.0
tumblr,2014-02-01 04:10:00,156624.0
tumblr,2014-02-01 04:15:00,159014.0
tumblr,2014-02-01 04:20:00,161912.0
tumblr,2014-02-01 04:25:00,155784.0
tumblr,2014-02-01 04:30:00,159933.0
tumblr,2014-02-01 04:35:00,155565.0
tumblr,2014-02-01 04:40:00,156563.0
tumblr,2014-02-01 04:45:00,153581.0
tumblr,2014-02-01 04:50:00,156541.0
tumblr,2014-02-01 04:55:00,157449.0
tumblr,2014-02-01 05:00:00,149758.0
tumblr,2014-02-01 05:05:00,156021.0
tumblr,2014-02-01 05:10:00,159650.0
tumblr,2014-02-01 05:15:00,139584.0
tumblr,2014-02-01 05:20:00,154821.0
tumblr,2014-02-01 05:25:00,154934.0
tumblr,2014-02-01 05:30:00,140001.0
tumblr,2014-02-01 05:35:00,139233.0
tumblr,2014-02-01 05:40:00,139506.0
tumblr,2014-02-01 05:45:00,139896.0
tumblr,2014-02-01 05:50:00,137778.0
tumblr,2014-02-01 05:55:00,146528.0
tumblr,2014-02-01 06:00:00,131077.0
tumblr,2014-02-01 06:05:00,119908.0
tumblr,2014-02-01 06:10:00,124519.0
tumblr,2014-02-01 06:15:00,131521.0
tumblr,2014-02-01 06:20:00,117753.0
tumblr,2014-02-01 06:25:00,121854.0
tumblr,2014-02-01 06:30:00,114456.0
tumblr,2014-02-01 06:35:00,129036.0
tumblr,2014-02-01 06:40:00,111200.0
tumblr,2014-02-01 06:45:00,125218.0
tumblr,2014-02-01 06:50:00,116428.0
tumblr,2014-02-01 06:55:00,105104.0
tumblr,2014-02-01 07:00:00,110075.0
tumblr,2014-02-01 07:05:00,105387.0
tumblr,2014-02-01 07:10:00,107527.0
tumblr,2014-02-01 07:15:00,106442.0
tumblr,2014-02-01 07:20:00,108298.0
tumblr,2014-02-01 07:25:00,94276.0
tumblr,2014-02-01 07:30:00,102907.0
tumblr,2014-02-01 07:35:00,96713.0
tumblr,2014-02-01 07:40:00,95213.0
tumblr,2014-02-01 07:45:00,95413.0
tumblr,2014-02-01 07:50:00,96507.0
tumblr,2014-02-01 07:55:00,94419.0
tumblr,2014-02-01 08:00:00,87081.0
tumblr,2014-02-01 08:05:00,90713.0
tumblr,2014-02-01 08:10:00,90273.0
tumblr,2014-02-01 08:15:00,83880.0
tumblr,2014-02-01 08:20:00,92017.0
tumblr,2014-02-01 08:25:00,87687.0
tumblr,2014-02-01 08:30:00,85256.0
tumblr,2014-02-01 08:35:00,82190.0
tumblr,2014-02-01 08:40:00,90072.0
tumblr,2014-02-01 08:45:00,88202.0
tumblr,2014-02-01 08:50:00,76149.0
tumblr,2014-02-01 08:55:00,82858.0
tumblr,2014-02-01 09:00:00,35359.0
tumblr,2014-02-01 09:05:00,95496.0
tumblr,2014-02-01 09:10:00,91871.0
tumblr,2014-02-01 09:15:00,84571.0
tumblr,2014-02-01 09:20:00,86876.0
tumblr,2014-02-01 09:25:00,72256.0
tumblr,2014-02-01 09:30:00,80592.0
tumblr,2014-02-01 09:35:00,80802.0
tumblr,2014-02-01 09:40:00,78275.0
tumblr,2014-02-01 09:45:00,77422.0
tumblr,2014-02-01 09:50:00,79301.0
tumblr,2014-02-01 09:55:00,81330.0
tumblr,2014-02-01 10:00:00,69413.0
tumblr,2014-02-01 10:05:00,79724.0
tumblr,2014-02-01 10:10:00,79464.0
tumblr,2014-02-01 10:15:00,71076.0
tumblr,2014-02-01 10:20:00,80407.0
tumblr,2014-02-01 10:25:00,79681.0
tumblr,2014-02-01 10:30:00,74121.0
tumblr,2014-02-01 10:35:00,77350.0
tumblr,2014-02-01 10:40:00,78862.0
tumblr,2014-02-01 10:45:00,77865.0
tumblr,2014-02-01 10:50:00,69721.0
tumblr,2014-02-01 10:55:00,77090.0
tumblr,2014-02-01 11:00:00,83628.0
tumblr,2014-02-01 11:05:00,75547.0
tumblr,2014-02-01 11:10:00,80371.0
tumblr,2014-02-01 11:15:00,79115.0
tumblr,2014-02-01 11:20:00,80538.0
tumblr,2014-02-01 11:25:00,72822.0
tumblr,2014-02-01 11:30:00,80221.0
tumblr,2014-02-01 11:35:00,78875.0
tumblr,2014-02-01 11:40:00,73388.0
tumblr,2014-02-01 11:45:00,81693.0
tumblr,2014-02-01 11:50:00,84356.0
tumblr,2014-02-01 11:55:00,76953.0
tumblr,2014-02-01 12:00:00,77941.0
tumblr,2014-02-01 12:05:00,84122.0
tumblr,2014-02-01 12:10:00,85161.0
tumblr,2014-02-01 12:15:00,77137.0
tumblr,2014-02-01 12:20:00,88438.0
tumblr,2014-02-01 12:25:00,87682.0
tumblr,2014-02-01 12:30:00,89473.0
tumblr,2014-02-01 12:35:00,87581.0
tumblr,2014-02-01 12:40:00,92386.0
tumblr,2014-02-01 12:45:00,91673.0
tumblr,2014-02-01 12:50:00,83612.0
tumblr,2014-02-01 12:55:00,91307.0
tumblr,2014-02-01 13:00:00,103467.0
tumblr,2014-02-01 13:05:00,92032.0
tumblr,2014-02-01 13:10:00,96553.0
tumblr,2014-02-01 13:15:00,101788.0
tumblr,2014-02-01 13:20:00,100673.0
tumblr,2014-02-01 13:25:00,95455.0
tumblr,2014-02-01 13:30:00,103996.0
tumblr,2014-02-01 13:35:00,105663.0
tumblr,2014-02-01 13:40:00,106016.0
tumblr,2014-02-01 13:45:00,101957.0
tumblr,2014-02-01 13:50:00,109006.0
tumblr,2014-02-01 13:55:00,111094.0
tumblr,2014-02-01 14:00:00,103257.0
tumblr,2014-02-01 14:05:00,117421.0
tumblr,2014-02-01 14:10:00,116843.0
tumblr,2014-02-01 14:15:00,109380.0
tumblr,2014-02-01 14:20:00,117283.0
tumblr,2014-02-01 14:25:00,121315.0
tumblr,2014-02-01 14:30:00,121920.0
tumblr,2014-02-01 14:35:00,115530.0
tumblr,2014-02-01 14:40:00,125985.0
tumblr,2014-02-01 14:45:00,128241.0
tumblr,2014-02-01 14:50:00,125407.0
tumblr,2014-02-01 14:55:00,129572.0
tumblr,2014-02-01 15:00:00,131322.0
tumblr,2014-02-01 15:05:00,130513.0
tumblr,2014-02-01 15:10:00,132732.0
tumblr,2014-02-01 15:15:00,136919.0
tumblr,2014-02-01 15:20:00,142336.0
tumblr,2014-02-01 15:25:00,132714.0
tumblr,2014-02-01 15:30:00,143466.0
tumblr,2014-02-01 15:35:00,142512.0
tumblr,2014-02-01 15:40:00,140324.0
tumblr,2014-02-01 15:45:00,146201.0
tumblr,2014-02-01 15:50:00,148476.0
tumblr,2014-02-01 15:55:00,147423.0
tumblr,2014-02-01 16:00:00,144219.0
tumblr,2014-02-01 16:05:00,149698.0
tumblr,2014-02-01 16:10:00,152401.0
tumblr,2014-02-01 16:15:00,148017.0
tumblr,2014-02-01 16:20:00,156321.0
tumblr,2014-02-01 16:25:00,158340.0
tumblr,2014-02-01 16:30:00,147066.0
tumblr,2014-02-01 16:35:00,158070.0
tumblr,2014-02-01 16:40:00,158357.0
tumblr,2014-02-01 16:45:00,157699.0
tumblr,2014-02-01 16:50:00,154136.0
tumblr,2014-02-01 16:55:00,159196.0
tumblr,2014-02-01 17:00:00,166121.0
tumblr,2014-02-01 17:05:00,153228.0
tumblr,2014-02-01 17:10:00,159382.0
tumblr,2014-02-01 17:15:00,161978.0
tumblr,2014-02-01 17:20:00,160377.0
tumblr,2014-02-01 17:25:00,164690.0
tumblr,2014-02-01 17:30:00,169416.0
tumblr,2014-02-01 17:35:00,166409.0
tumblr,2014-02-01 17:40:00,163488.0
tumblr,2014-02-01 17:45:00,163636.0
tumblr,2014-02-01 17:50:00,168757.0
tumblr,2014-02-01 17:55:00,161055.0
tumblr,2014-02-01 18:00:00,164990.0
tumblr,2014-02-01 18:05:00,163613.0
tumblr,2014-02-01 18:10:00,167776.0
tumblr,2014-02-01 18:15:00,160972.0
tumblr,2014-02-01 18:20:00,168422.0
tumblr,2014-02-01 18:25:00,166928.0
tumblr,2014-02-01 18:30:00,165015.0
tumblr,2014-02-01 18:35:00,170214.0
tumblr,2014-02-01 18:40:00,172692.0
tumblr,2014-02-01 18:45:00,169334.0
tumblr,2014-02-01 18:50:00,165937.0
tumblr,2014-02-01 18:55:00,167606.0
tumblr,2014-02-01 19:00:00,168622.0
tumblr,2014-02-01 19:05:00,167771.0
tumblr,2014-02-01 19:10:00,168815.0
tumblr,2014-02-01 19:15:00,171514.0
tumblr,2014-02-01 19:20:00,167012.0
tumblr,2014-02-01 19:25:00,166745.0
tumblr,2014-02-01 19:30:00,165788.0
tumblr,2014-02-01 19:35:00,167957.0
tumblr,2014-02-01 19:40:00,166895.0
tumblr,2014-02-01 19:45:00,167172.0
tumblr,2014-02-01 19:50:00,175267.0
tumblr,2014-02-01 19:55:00,166620.0
tumblr,2014-02-01 20:00:00,167529.0
tumblr,2014-02-01 20:05:00,168257.0
tumblr,2014-02-01 20:10:00,170830.0
tumblr,2014-02-01 20:15:00,166112.0
tumblr,2014-02-01 20:20:00,173902.0
tumblr,2014-02-01 20:25:00,168457.0
tumblr,2014-02-01 20:30:00,167021.0
tumblr,2014-02-01 20:35:00,169057.0
tumblr,2014-02-01 20:40:00,171624.0
tumblr,2014-02-01 20:45:00,167111.0
tumblr,2014-02-01 20:50:00,167718.0
tumblr,2014-02-01 20:55:00,167007.0
tumblr,2014-02-01 21:00:00,168512.0
tumblr,2014-02-01 21:05:00,167745.0
tumblr,2014-02-01 21:10:00,174440.0
tumblr,2014-02-01 21:15:00,170148.0
tumblr,2014-02-01 21:20:00,167215.0
tumblr,2014-02-01 21:25:00,169944.0
tumblr,2014-02-01 21:30:00,168653.0
tumblr,2014-02-01 21:35:00,172545.0
tumblr,2014-02-01 21:40:00,168415.0
tumblr,2014-02-01 21:45:00,169632.0
tumblr,2014-02-01 21:50:00,173721.0
tumblr,2014-02-01 21:55:00,169018.0
tumblr,2014-02-01 22:00:00,169742.0
tumblr,2014-02-01 22:05:00,170649.0
tumblr,2014-02-01 22:10:00,168453.0
tumblr,2014-02-01 22:15:00,168533.0
tumblr,2014-02-01 22:20:00,168839.0
tumblr,2014-02-01 22:25:00,179056.0
tumblr,2014-02-01 22:30:00,174903.0
tumblr,2014-02-01 22:35:00,171858.0
tumblr,2014-02-01 22:40:00,169934.0
tumblr,2014-02-01 22:45:00,170740.0
tumblr,2014-02-01 22:50:00,170721.0
tumblr,2014-02-01 22:55:00,168304.0
tumblr,2014-02-01 23:00:00,172762.0
tumblr,2014-02-01 23:05:00,170787.0
tumblr,2014-02-01 23:10:00,167065.0
tumblr,2014-02-01 23:15:00,169760.0
tumblr,2014-02-01 23:20:00,165949.0
tumblr,2014-02-01 23:25:00,171636.0
tumblr,2014-02-01 23:30:00,168413.0
tumblr,2014-02-01 23:35:00,171243.0
tumblr,2014-02-01 23:40:00,169957.0
tumblr,2014-02-01 23:45:00,163450.0
tumblr,2014-02-01 23:50:00,170796.0
tumblr,2014-02-01 23:55:00,166078.0
tumblr,2014-02-02 00:00:00,164337.0
tumblr,2014-02-02 00:05:00,164873.0
tumblr,2014-02-02 00:10:00,165285.0
tumblr,2014-02-02 00:15:00,165442.0
tumblr,2014-02-02 00:20:00,163806.0
tumblr,2014-02-02 00:25:00,169506.0
tumblr,2014-02-02 00:30:00,163782.0
tumblr,2014-02-02 00:35:00,163681.0
tumblr,2014-02-02 00:40:00,163991.0
tumblr,2014-02-02 00:45:00,166093.0
tumblr,2014-02-02 00:50:00,166776.0
tumblr,2014-02-02 00:55:00,156850.0
tumblr,2014-02-02 01:00:00,162288.0
tumblr,2014-02-02 01:05:00,160961.0
tumblr,2014-02-02 01:10:00,153246.0
tumblr,2014-02-02 01:15:00,157268.0
tumblr,2014-02-02 01:20:00,153158.0
tumblr,2014-02-02 01:25:00,161361.0
tumblr,2014-02-02 01:30:00,156311.0
tumblr,2014-02-02 01:35:00,158545.0
tumblr,2014-02-02 01:40:00,156766.0
tumblr,2014-02-02 01:45:00,161177.0
tumblr,2014-02-02 01:50:00,161535.0
tumblr,2014-02-02 01:55:00,150827.0
tumblr,2014-02-02 02:00:00,159605.0
tumblr,2014-02-02 02:05:00,156231.0
tumblr,2014-02-02 02:10:00,158136.0
tumblr,2014-02-02 02:15:00,158425.0
tumblr,2014-02-02 02:20:00,160673.0
tumblr,2014-02-02 02:25:00,159551.0
tumblr,2014-02-02 02:30:00,153057.0
tumblr,2014-02-02 02:35:00,162286.0
tumblr,2014-02-02 02:40:00,166451.0
tumblr,2014-02-02 02:45:00,157612.0
tumblr,2014-02-02 02:50:00,162127.0
tumblr,2014-02-02 02:55:00,160413.0
tumblr,2014-02-02 03:00:00,162779.0
tumblr,2014-02-02 03:05:00,157898.0
tumblr,2014-02-02 03:10:00,162459.0
tumblr,2014-02-02 03:15:00,166563.0
tumblr,2014-02-02 03:20:00,160160.0
tumblr,2014-02-02 03:25:00,163783.0
tumblr,2014-02-02 03:30:00,166529.0
tumblr,2014-02-02 03:35:00,167132.0
tumblr,2014-02-02 03:40:00,160672.0
tumblr,2014-02-02 03:45:00,167695.0
tumblr,2014-02-02 03:50:00,166547.0
tumblr,2014-02-02 03:55:00,159447.0
tumblr,2014-02-02 04:00:00,165713.0
tumblr,2014-02-02 04:05:00,169219.0
tumblr,2014-02-02 04:10:00,164437.0
tumblr,2014-02-02 04:15:00,162663.0
tumblr,2014-02-02 04:20:00,166929.0
tumblr,2014-02-02 04:25:00,166405.0
tumblr,2014-02-02 04:30:00,162131.0
tumblr,2014-02-02 04:35:00,162398.0
tumblr,2014-02-02 04:40:00,168101.0
tumblr,2014-02-02 04:45:00,163307.0
tumblr,2014-02-02 04:50:00,154213.0
tumblr,2014-02-02 04:55:00,165009.0
tumblr,2014-02-02 05:00:00,168129.0
tumblr,2014-02-02 05:05:00,163918.0
tumblr,2014-02-02 05:10:00,163577.0
tumblr,2014-02-02 05:15:00,166773.0
tumblr,2014-02-02 05:20:00,163418.0
tumblr,2014-02-02 05:25:00,160318.0
tumblr,2014-02-02 05:30:00,171125.0
tumblr,2014-02-02 05:35:00,159396.0
tumblr,2014-02-02 05:40:00,155016.0
tumblr,2014-02-02 05:45:00,154888.0
tumblr,2014-02-02 05:50:00,155359.0
tumblr,2014-02-02 05:55:00,157622.0
tumblr,2014-02-02 06:00:00,143431.0
tumblr,2014-02-02 06:05:00,148880.0
tumblr,2014-02-02 06:10:00,147736.0
tumblr,2014-02-02 06:15:00,138028.0
tumblr,2014-02-02 06:20:00,146145.0
tumblr,2014-02-02 06:25:00,142970.0
tumblr,2014-02-02 06:30:00,143611.0
tumblr,2014-02-02 06:35:00,132141.0
tumblr,2014-02-02 06:40:00,135435.0
tumblr,2014-02-02 06:45:00,135949.0
tumblr,2014-02-02 06:50:00,132034.0
tumblr,2014-02-02 06:55:00,129662.0
tumblr,2014-02-02 07:00:00,132217.0
tumblr,2014-02-02 07:05:00,126184.0
tumblr,2014-02-02 07:10:00,118392.0
tumblr,2014-02-02 07:15:00,125537.0
tumblr,2014-02-02 07:20:00,124538.0
tumblr,2014-02-02 07:25:00,114156.0
tumblr,2014-02-02 07:30:00,118173.0
tumblr,2014-02-02 07:35:00,116152.0
tumblr,2014-02-02 07:40:00,114123.0
tumblr,2014-02-02 07:45:00,105589.0
tumblr,2014-02-02 07:50:00,115381.0
tumblr,2014-02-02 07:55:00,107682.0
tumblr,2014-02-02 08:00:00,98838.0
tumblr,2014-02-02 08:05:00,106564.0
tumblr,2014-02-02 08:10:00,104641.0
tumblr,2014-02-02 08:15:00,105991.0
tumblr,2014-02-02 08:20:00,97983.0
tumblr,2014-02-02 08:25:00,103803.0
tumblr,2014-02-02 08:30:00,100554.0
tumblr,2014-02-02 08:35:00,90222.0
tumblr,2014-02-02 08:40:00,97062.0
tumblr,2014-02-02 08:45:00,97300.0
tumblr,2014-02-02 08:50:00,94525.0
tumblr,2014-02-02 08:55:00,90690.0
tumblr,2014-02-02 09:00:00,100828.0
tumblr,2014-02-02 09:05:00,94615.0
tumblr,2014-02-02 09:10:00,82272.0
tumblr,2014-02-02 09:15:00,95074.0
tumblr,2014-02-02 09:20:00,94175.0
tumblr,2014-02-02 09:25:00,86535.0
tumblr,2014-02-02 09:30:00,88286.0
tumblr,2014-02-02 09:35:00,90817.0
tumblr,2014-02-02 09:40:00,92295.0
tumblr,2014-02-02 09:45:00,86406.0
tumblr,2014-02-02 09:50:00,91200.0
tumblr,2014-02-02 09:55:00,90621.0
tumblr,2014-02-02 10:00:00,81733.0
tumblr,2014-02-02 10:05:00,89174.0
tumblr,2014-02-02 10:10:00,87888.0
tumblr,2014-02-02 10:15:00,88566.0
tumblr,2014-02-02 10:20:00,80484.0
tumblr,2014-02-02 10:25:00,87880.0
tumblr,2014-02-02 10:30:00,87600.0
tumblr,2014-02-02 10:35:00,78504.0
tumblr,2014-02-02 10:40:00,90080.0
tumblr,2014-02-02 10:45:00,87984.0
tumblr,2014-02-02 10:50:00,86310.0
tumblr,2014-02-02 10:55:00,81557.0
tumblr,2014-02-02 11:00:00,87230.0
tumblr,2014-02-02 11:05:00,86969.0
tumblr,2014-02-02 11:10:00,78991.0
tumblr,2014-02-02 11:15:00,90324.0
tumblr,2014-02-02 11:20:00,87026.0
tumblr,2014-02-02 11:25:00,87420.0
tumblr,2014-02-02 11:30:00,91165.0
tumblr,2014-02-02 11:35:00,88908.0
tumblr,2014-02-02 11:40:00,92079.0
tumblr,2014-02-02 11:45:00,78929.0
tumblr,2014-02-02 11:50:00,89848.0
tumblr,2014-02-02 11:55:00,90042.0
tumblr,2014-02-02 12:00:00,84728.0
tumblr,2014-02-02 12:05:00,85114.0
tumblr,2014-02-02 12:10:00,89398.0
tumblr,2014-02-02 12:15:00,92047.0
tumblr,2014-02-02 12:20:00,83430.0
tumblr,2014-02-02 12:25:00,90687.0
tumblr,2014-02-02 12:30:00,91672.0
tumblr,2014-02-02 12:35:00,87004.0
tumblr,2014-02-02 12:40:00,91443.0
tumblr,2014-02-02 12:45:00,93429.0
tumblr,2014-02-02 12:50:00,94456.0
tumblr,2014-02-02 12:55:00,86137.0
tumblr,2014-02-02 13:00:00,101335.0
tumblr,2014-02-02 13:05:00,97415.0
tumblr,2014-02-02 13:10:00,92026.0
tumblr,2014-02-02 13:15:00,98089.0
tumblr,2014-02-02 13:20:00,100537.0
tumblr,2014-02-02 13:25:00,104160.0
tumblr,2014-02-02 13:30:00,96758.0
tumblr,2014-02-02 13:35:00,107601.0
tumblr,2014-02-02 13:40:00,110693.0
tumblr,2014-02-02 13:45:00,100430.0
tumblr,2014-02-02 13:50:00,110443.0
tumblr,2014-02-02 13:55:00,110095.0
tumblr,2014-02-02 14:00:00,109567.0
tumblr,2014-02-02 14:05:00,111423.0
tumblr,2014-02-02 14:10:00,116314.0
tumblr,2014-02-02 14:15:00,118059.0
tumblr,2014-02-02 14:20:00,111593.0
tumblr,2014-02-02 14:25:00,
tumblr,2014-02-02 14:30:00,124885.0
tumblr,2014-02-02 14:35:00,126345.0
tumblr,2014-02-02 14:40:00,118976.0
tumblr,2014-02-02 14:45:00,129732.0
tumblr,2014-02-02 14:50:00,130427.0
tumblr,2014-02-02 14:55:00,130674.0
tumblr,2014-02-02 15:00:00,131200.0
tumblr,2014-02-02 15:05:00,135702.0
tumblr,2014-02-02 15:10:00,134985.0
tumblr,2014-02-02 15:15:00,129072.0
tumblr,2014-02-02 15:20:00,142953.0
tumblr,2014-02-02 15:25:00,144511.0
tumblr,2014-02-02 15:30:00,137641.0
tumblr,2014-02-02 15:35:00,145719.0
tumblr,2014-02-02 15:40:00,149377.0
tumblr,2014-02-02 15:45:00,149825.0
tumblr,2014-02-02 15:50:00,141126.0
tumblr,2014-02-02 15:55:00,152278.0
tumblr,2014-02-02 16:00:00,151475.0
