twitter,2014-01-28 12:00:00,328821.0
twitter,2014-01-28 12:05:00,332153.0
twitter,2014-01-28 12:10:00,343307.0
twitter,2014-01-28 12:15:00,345560.0
twitter,2014-01-28 12:20:00,337822.0
twitter,2014-01-28 12:25:00,336342.0
twitter,2014-01-28 12:30:00,358700.0
twitter,2014-01-28 12:35:00,355891.0
twitter,2014-01-28 12:40:00,358754.0
twitter,2014-01-28 12:45:00,355984.0
twitter,2014-01-28 12:50:00,
twitter,2014-01-28 12:55:00,365654.0
twitter,2014-01-28 13:00:00,386420.0
twitter,2014-01-28 13:05:00,380320.0
twitter,2014-01-28 13:10:00,387477.0
twitter,2014-01-28 13:15:00,382505.0
twitter,2014-01-28 13:20:00,383828.0
twitter,2014-01-28 13:25:00,386630.0
twitter,2014-01-28 13:30:00,394229.0
twitter,2014-01-28 13:35:00,402354.0
twitter,2014-01-28 13:40:00,409742.0
twitter,2014-01-28 13:45:00,410760.0
twitter,2014-01-28 13:50:00,409369.0
twitter,2014-01-28 13:55:00,403357.0
twitter,2014-01-28 14:00:00,
twitter,2014-01-28 14:05:00,421453.0
twitter,2014-01-28 14:10:00,423055.0
twitter,2014-01-28 14:15:00,419671.0
twitter,2014-01-28 14:20:00,412828.0
twitter,2014-01-28 14:25:00,406556.0
twitter,2014-01-28 14:30:00,414753.0
twitter,2014-01-28 14:35:00,426431.0
twitter,2014-01-28 14:40:00,432547.0
twitter,2014-01-28 14:45:00,426458.0
twitter,2014-01-28 14:50:00,414741.0
twitter,2014-01-28 14:55:00,420651.0
twitter,2014-01-28 15:00:00,422653.0
twitter,2014-01-28 15:05:00,448005.0
twitter,2014-01-28 15:10:00,430824.0
twitter,2014-01-28 15:15:00,437634.0
twitter,2014-01-28 15:20:00,417127.0
twitter,2014-01-28 15:25:00,424526.0
twitter,2014-01-28 15:30:00,418843.0
twitter,2014-01-28 15:35:00,414760.0
twitter,2014-01-28 15:40:00,426065.0
twitter,2014-01-28 15:45:00,412898.0
twitter,2014-01-28 15:50:00,403859.0
twitter,2014-01-28 15:55:00,404835.0
twitter,2014-01-28 16:00:00,398051.0
twitter,2014-01-28 16:05:00,405012.0
twitter,2014-01-28 16:10:00,402771.0
twitter,2014-01-28 16:15:00,409426.0
twitter,2014-01-28 16:20:00,390101.0
twitter,2014-01-28 16:25:00,395523.0
twitter,2014-01-28 16:30:00,397949.0
twitter,2014-01-28 16:35:00,390291.0
twitter,2014-01-28 16:40:00,394726.0
twitter,2014-01-28 16:45:00,382182.0
twitter,2014-01-28 16:50:00,382063.0
twitter,2014-01-28 16:55:00,374073.0
twitter,2014-01-28 17:00:00,371885.0
twitter,2014-01-28 17:05:00,386882.0
twitter,2014-01-28 17:10:00,377088.0
twitter,2014-01-28 17:15:00,380936.0
twitter,2014-01-28 17:20:00,376331.0
twitter,2014-01-28 17:25:00,359347.0
twitter,2014-01-28 17:30:00,371218.0
twitter,2014-01-28 17:35:00,367226.0
twitter,2014-01-28 17:40:00,363616.0
twitter,2014-01-28 17:45:00,360615.0
twitter,2014-01-28 17:50:00,366865.0
twitter,2014-01-28 17:55:00,359393.0
twitter,2014-01-28 18:00:00,354813.0
twitter,2014-01-28 18:05:00,366465.0
twitter,2014-01-28 18:10:00,360614.0
twitter,2014-01-28 18:15:00,377869.0
twitter,2014-01-28 18:20:00,370545.0
twitter,2014-01-28 18:25:00,374108.0
twitter,2014-01-28 18:30:00,357375.0
twitter,2014-01-28 18:35:00,363822.0
twitter,2014-01-28 18:40:00,381730.0
twitter,2014-01-28 18:45:00,378489.0
twitter,2014-01-28 18:50:00,356907.0
twitter,2014-01-28 18:55:00,364009.0
twitter,2014-01-28 19:00:00,368157.0
twitter,2014-01-28 19:05:00,379360.0
twitter,2014-01-28 19:10:00,369354.0
twitter,2014-01-28 19:15:00,371686.0
twitter,2014-01-28 19:20:00,369645.0
twitter,2014-01-28 19:25:00,363774.0
twitter,2014-01-28 19:30:00,367824.0
twitter,2014-01-28 19:35:00,371867.0
twitter,2014-01-28 19:40:00,382445.0
twitter,2014-01-28 19:45:00,389131.0
twitter,2014-01-28 19:50:00,360871.0
twitter,2014-01-28 19:55:00,367711.0
twitter,2014-01-28 20:00:00,365210.0
twitter,2014-01-28 20:05:00,367217.0
twitter,2014-01-28 20:10:00,382190.0
twitter,2014-01-28 20:15:00,366411.0
twitter,2014-01-28 20:20:00,376274.0
twitter,2014-01-28 20:25:00,377183.0
twitter,2014-01-28 20:30:00,364364.0
twitter,2014-01-28 20:35:00,402120.0
twitter,2014-01-28 20:40:00,399176.0
twitter,2014-01-28 20:45:00,392976.0
twitter,2014-01-28 20:50:00,386571.0
twitter,2014-01-28 20:55:00,393407.0
twitter,2014-01-28 21:00:00,393116.0
twitter,2014-01-28 21:05:00,407245.0
twitter,2014-01-28 21:10:00,427133.0
twitter,2014-01-28 21:15:00,417022.0
twitter,2014-01-28 21:20:00,275164.0
twitter,2014-01-28 21:25:00,261343.0
twitter,2014-01-28 21:30:00,238483.0
twitter,2014-01-28 21:35:00,311189.0
twitter,2014-01-28 21:40:00,377948.0
twitter,2014-01-28 21:45:00,382205.0
twitter,2014-01-28 21:50:00,380559.0
twitter,2014-01-28 21:55:00,393526.0
twitter,2014-01-28 22:00:00,398816.0
twitter,2014-01-28 22:05:00,398213.0
twitter,2014-01-28 22:10:00,392404.0
twitter,2014-01-28 22:15:00,410739.0
twitter,2014-01-28 22:20:00,402469.0
twitter,2014-01-28 22:25:00,417216.0
twitter,2014-01-28 22:30:00,408534.0
twitter,2014-01-28 22:35:00,415740.0
twitter,2014-01-28 22:40:00,448317.0
twitter,2014-01-28 22:45:00,426119.0
twitter,2014-01-28 22:50:00,412764.0
twitter,2014-01-28 22:55:00,406187.0
twitter,2014-01-28 23:00:00,406022.0
twitter,2014-01-28 23:05:00,402932.0
twitter,2014-01-28 23:10:00,397846.0
twitter,2014-01-28 23:15:00,401616.0
twitter,2014-01-28 23:20:00,397626.0
twitter,2014-01-28 23:25:00,387776.0
twitter,2014-01-28 23:30:00,380285.0
twitter,2014-01-28 23:35:00,374755.0
twitter,2014-01-28 23:40:00,376793.0
twitter,2014-01-28 23:45:00,391055.0
twitter,2014-01-28 23:50:00,379942.0
twitter,2014-01-28 23:55:00,371432.0
twitter,2014-01-29 00:00:00,391652.0
twitter,2014-01-29 00:05:00,396665.0
twitter,2014-01-29 00:10:00,385401.0
twitter,2014-01-29 00:15:00,384658.0
twitter,2014-01-29 00:20:00,370171.0
twitter,2014-01-29 00:25:00,373268.0
twitter,2014-01-29 00:30:00,366329.0
twitter,2014-01-29 00:35:00,380373.0
twitter,2014-01-29 00:40:00,381222.0
twitter,2014-01-29 00:45:00,371932.0
twitter,2014-01-29 00:50:00,357097.0
twitter,2014-01-29 00:55:00,378911.0
twitter,2014-01-29 01:00:00,379805.0
twitter,2014-01-29 01:05:00,380120.0
twitter,2014-01-29 01:10:00,375459.0
twitter,2014-01-29 01:15:00,390934.0
twitter,2014-01-29 01:20:00,364365.0
twitter,2014-01-29 01:25:00,381372.0
twitter,2014-01-29 01:30:00,390655.0
twitter,2014-01-29 01:35:00,381496.0
twitter,2014-01-29 01:40:00,386581.0
twitter,2014-01-29 01:45:00,401676.0
twitter,2014-01-29 01:50:00,395807.0
twitter,2014-01-29 01:55:00,396118.0
twitter,2014-01-29 02:00:00,387195.0
twitter,2014-01-29 02:05:00,404698.0
twitter,2014-01-29 02:10:00,406695.0
twitter,2014-01-29 02:15:00,408359.0
twitter,2014-01-29 02:20:00,408599.0
twitter,2014-01-29 02:25:00,417697.0
twitter,2014-01-29 02:30:00,398655.0
twitter,2014-01-29 02:35:00,417647.0
twitter,2014-01-29 02:40:00,425365.0
twitter,2014-01-29 02:45:00,443354.0
twitter,2014-01-29 02:50:00,429508.0
twitter,2014-01-29 02:55:00,427155.0
twitter,2014-01-29 03:00:00,426632.0
twitter,2014-01-29 03:05:00,441555.0
twitter,2014-01-29 03:10:00,434659.0
twitter,2014-01-29 03:15:00,457419.0
twitter,2014-01-29 03:20:00,450214.0
twitter,2014-01-29 03:25:00,432845.0
twitter,2014-01-29 03:30:00,417264.0
twitter,2014-01-29 03:35:00,434758.0
twitter,2014-01-29 03:40:00,442561.0
twitter,2014-01-29 03:45:00,443397.0
twitter,2014-01-29 03:50:00,429216.0
twitter,2014-01-29 03:55:00,423116.0
twitter,2014-01-29 04:00:00,423997.0
twitter,2014-01-29 04:05:00,409433.0
twitter,2014-01-29 04:10:00,436800.0
twitter,2014-01-29 04:15:00,432506.0
twitter,2014-01-29 04:20:00,404611.0
twitter,2014-01-29 04:25:00,384388.0
twitter,2014-01-29 04:30:00,387851.0
twitter,2014-01-29 04:35:00,376267.0
twitter,2014-01-29 04:40:00,319496.0
twitter,2014-01-29 04:45:00,372796.0
twitter,2014-01-29 04:50:00,364159.0
twitter,2014-01-29 04:55:00,355879.0
twitter,2014-01-29 05:00:00,360807.0
twitter,2014-01-29 05:05:00,357531.0
twitter,2014-01-29 05:10:00,350934.0
twitter,2014-01-29 05:15:00,347553.0
twitter,2014-01-29 05:20:00,334515.0
twitter,2014-01-29 05:25:00,323068.0
twitter,2014-01-29 05:30:00,332470.0
twitter,2014-01-29 05:35:00,333829.0
twitter,2014-01-29 05:40:00,330482.0
twitter,2014-01-29 05:45:00,319056.0
twitter,2014-01-29 05:50:00,311934.0
twitter,2014-01-29 05:55:00,306094.0
twitter,2014-01-29 06:00:00,311994.0
twitter,2014-01-29 06:05:00,311846.0
twitter,2014-01-29 06:10:00,306394.0
twitter,2014-01-29 06:15:00,301245.0
twitter,2014-01-29 06:20:00,292550.0
twitter,2014-01-29 06:25:00,274481.0
twitter,2014-01-29 06:30:00,278450.0
twitter,2014-01-29 06:35:00,282442.0
twitter,2014-01-29 06:40:00,282549.0
twitter,2014-01-29 06:45:00,283042.0
twitter,2014-01-29 06:50:00,294557.0
twitter,2014-01-29 06:55:00,267177.0
twitter,2014-01-29 07:00:00,273904.0
twitter,2014-01-29 07:05:00,259470.0
twitter,2014-01-29 07:10:00,261268.0
twitter,2014-01-29 07:15:00,256501.0
twitter,2014-01-29 07:20:00,246134.0
twitter,2014-01-29 07:25:00,243220.0
twitter,2014-01-29 07:30:00,255923.0
twitter,2014-01-29 07:35:00,249216.0
twitter,2014-01-29 07:40:00,258168.0
twitter,2014-01-29 07:45:00,242988.0
twitter,2014-01-29 07:50:00,250231.0
twitter,2014-01-29 07:55:00,245096.0
twitter,2014-01-29 08:00:00,260353.0
twitter,2014-01-29 08:05:00,266336.0
twitter,2014-01-29 08:10:00,249420.0
twitter,2014-01-29 08:15:00,248597.0
twitter,2014-01-29 08:20:00,232158.0
twitter,2014-01-29 08:25:00,228839.0
twitter,2014-01-29 08:30:00,240451.0
twitter,2014-01-29 08:35:00,241575.0
twitter,2014-01-29 08:40:00,238671.0
twitter,2014-01-29 08:45:00,236420.0
twitter,2014-01-29 08:50:00,244206.0
twitter,2014-01-29 08:55:00,231814.0
twitter,2014-01-29 09:00:00,250236.0
twitter,2014-01-29 09:05:00,253470.0
twitter,2014-01-29 09:10:00,252328.0
twitter,2014-01-29 09:15:00,243488.0
twitter,2014-01-29 09:20:00,231686.0
twitter,2014-01-29 09:25:00,224181.0
twitter,2014-01-29 09:30:00,240875.0
twitter,2014-01-29 09:35:00,240848.0
twitter,2014-01-29 09:40:00,252297.0
twitter,2014-01-29 09:45:00,248792.0
twitter,2014-01-29 09:50:00,239305.0
twitter,2014-01-29 09:55:00,233146.0
twitter,2014-01-29 10:00:00,264870.0
twitter,2014-01-29 10:05:00,254122.0
twitter,2014-01-29 10:10:00,269248.0
twitter,2014-01-29 10:15:00,264227.0
twitter,2014-01-29 10:20:00,265235.0
twitter,2014-01-29 10:25:00,262451.0
twitter,2014-01-29 10:30:00,271703.0
twitter,2014-01-29 10:35:00,275323.0
twitter,2014-01-29 10:40:00,271544.0
twitter,2014-01-29 10:45:00,278582.0
twitter,2014-01-29 10:50:00,290028.0
twitter,2014-01-29 10:55:00,288933.0
twitter,2014-01-29 11:00:00,292718.0
twitter,2014-01-29 11:05:00,302408.0
twitter,2014-01-29 11:10:00,300001.0
twitter,2014-01-29 11:15:00,293727.0
twitter,2014-01-29 11:20:00,292757.0
twitter,2014-01-29 11:25:00,299312.0
twitter,2014-01-29 11:30:00,305926.0
twitter,2014-01-29 11:35:00,309708.0
twitter,2014-01-29 11:40:00,337053.0
twitter,2014-01-29 11:45:00,325139.0
twitter,2014-01-29 11:50:00,331583.0
twitter,2014-01-29 11:55:00,345740.0
twitter,2014-01-29 12:00:00,359108.0
twitter,2014-01-29 12:05:00,350168.0
twitter,2014-01-29 12:10:00,342686.0
twitter,2014-01-29 12:15:00,350037.0
twitter,2014-01-29 12:20:00,313913.0
twitter,2014-01-29 12:25:00,371177.0
twitter,2014-01-29 12:30:00,377274.0
twitter,2014-01-29 12:35:00,365152.0
twitter,2014-01-29 12:40:00,369951.0
twitter,2014-01-29 12:45:00,372320.0
twitter,2014-01-29 12:50:00,377768.0
twitter,2014-01-29 12:55:00,389921.0
twitter,2014-01-29 13:00:00,398099.0
twitter,2014-01-29 13:05:00,392771.0
twitter,2014-01-29 13:10:00,399241.0
twitter,2014-01-29 13:15:00,394631.0
twitter,2014-01-29 13:20:00,396652.0
twitter,2014-01-29 13:25:00,405633.0
twitter,2014-01-29 13:30:00,421811.0
twitter,2014-01-29 13:35:00,409911.0
twitter,2014-01-29 13:40:00,433381.0
twitter,2014-01-29 13:45:00,417459.0
twitter,2014-01-29 13:50:00,424682.0
twitter,2014-01-29 13:55:00,416304.0
twitter,2014-01-29 14:00:00,444428.0
twitter,2014-01-29 14:05:00,443300.0
twitter,2014-01-29 14:10:00,463971.0
twitter,2014-01-29 14:15:00,447356.0
twitter,2014-01-29 14:20:00,445442.0
twitter,2014-01-29 14:25:00,450333.0
twitter,2014-01-29 14:30:00,452397.0
twitter,2014-01-29 14:35:00,441936.0
twitter,2014-01-29 14:40:00,442597.0
twitter,2014-01-29 14:45:00,432720.0
twitter,2014-01-29 14:50:00,434667.0
twitter,2014-01-29 14:55:00,432978.0
twitter,2014-01-29 15:00:00,462303.0
twitter,2014-01-29 15:05:00,449544.0
twitter,2014-01-29 15:10:00,440388.0
twitter,2014-01-29 15:15:00,437257.0
twitter,2014-01-29 15:20:00,440808.0
twitter,2014-01-29 15:25:00,425004.0
twitter,2014-01-29 15:30:00,425600.0
twitter,2014-01-29 15:35:00,428453.0
twitter,2014-01-29 15:40:00,442087.0
twitter,2014-01-29 15:45:00,437509.0
twitter,2014-01-29 15:50:00,425119.0
twitter,2014-01-29 15:55:00,416557.0
twitter,2014-01-29 16:00:00,435779.0
twitter,2014-01-29 16:05:00,412385.0
twitter,2014-01-29 16:10:00,411421.0
twitter,2014-01-29 16:15:00,403938.0
twitter,2014-01-29 16:20:00,415314.0
twitter,2014-01-29 16:25:00,417111.0
twitter,2014-01-29 16:30:00,406598.0
twitter,2014-01-29 16:35:00,403240.0
twitter,2014-01-29 16:40:00,396715.0
twitter,2014-01-29 16:45:00,398940.0
twitter,2014-01-29 16:50:00,378803.0
twitter,2014-01-29 16:55:00,384724.0
twitter,2014-01-29 17:00:00,398811.0
twitter,2014-01-29 17:05:00,378579.0
twitter,2014-01-29 17:10:00,392416.0
twitter,2014-01-29 17:15:00,386289.0
twitter,2014-01-29 17:20:00,385776.0
twitter,2014-01-29 17:25:00,382102.0
twitter,2014-01-29 17:30:00,371740.0
twitter,2014-01-29 17:35:00,376354.0
twitter,2014-01-29 17:40:00,370935.0
twitter,2014-01-29 17:45:00,347197.0
twitter,2014-01-29 17:50:00,355769.0
twitter,2014-01-29 17:55:00,358233.0
twitter,2014-01-29 18:00:00,379640.0
twitter,2014-01-29 18:05:00,364037.0
twitter,2014-01-29 18:10:00,368305.0
twitter,2014-01-29 18:15:00,363102.0
twitter,2014-01-29 18:20:00,353753.0
twitter,2014-01-29 18:25:00,355657.0
twitter,2014-01-29 18:30:00,358702.0
twitter,2014-01-29 18:35:00,361947.0
twitter,2014-01-29 18:40:00,355582.0
twitter,2014-01-29 18:45:00,368561.0
twitter,2014-01-29 18:50:00,364138.0
twitter,2014-01-29 18:55:00,360782.0
twitter,2014-01-29 19:00:00,363409.0
twitter,2014-01-29 19:05:00,357726.0
twitter,2014-01-29 19:10:00,343374.0
twitter,2014-01-29 19:15:00,350387.0
twitter,2014-01-29 19:20:00,340382.0
twitter,2014-01-29 19:25:00,335827.0
twitter,2014-01-29 19:30:00,342123.0
twitter,2014-01-29 19:35:00,343660.0
twitter,2014-01-29 19:40:00,371486.0
twitter,2014-01-29 19:45:00,368352.0
twitter,2014-01-29 19:50:00,358724.0
twitter,2014-01-29 19:55:00,361860.0
twitter,2014-01-29 20:00:00,375928.0
twitter,2014-01-29 20:05:00,370832.0
twitter,2014-01-29 20:10:00,374449.0
twitter,2014-01-29 20:15:00,358349.0
twitter,2014-01-29 20:20:00,329372.0
twitter,2014-01-29 20:25:00,332313.0
twitter,2014-01-29 20:30:00,340161.0
twitter,2014-01-29 20:35:00,349301.0
twitter,2014-01-29 20:40:00,336869.0
twitter,2014-01-29 20:45:00,341870.0
twitter,2014-01-29 20:50:00,415831.0
twitter,2014-01-29 20:55:00,444067.0
twitter,2014-01-29 21:00:00,453052.0
twitter,2014-01-29 21:05:00,412942.0
twitter,2014-01-29 21:10:00,415626.0
twitter,2014-01-29 21:15:00,409437.0
twitter,2014-01-29 21:20:00,389093.0
twitter,2014-01-29 21:25:00,388558.0
twitter,2014-01-29 21:30:00,386725.0
twitter,2014-01-29 21:35:00,394558.0
twitter,2014-01-29 21:40:00,425245.0
twitter,2014-01-29 21:45:00,416818.0
twitter,2014-01-29 21:50:00,417017.0
twitter,2014-01-29 21:55:00,419733.0
twitter,2014-01-29 22:00:00,411525.0
twitter,2014-01-29 22:05:00,409501.0
twitter,2014-01-29 22:10:00,418117.0
twitter,2014-01-29 22:15:00,413867.0
twitter,2014-01-29 22:20:00,422164.0
twitter,2014-01-29 22:25:00,408993.0
twitter,2014-01-29 22:30:00,410256.0
twitter,2014-01-29 22:35:00,418997.0
twitter,2014-01-29 22:40:00,416178.0
twitter,2014-01-29 22:45:00,410379.0
twitter,2014-01-29 22:50:00,410445.0
twitter,2014-01-29 22:55:00,403606.0
twitter,2014-01-29 23:00:00,413802.0
twitter,2014-01-29 23:05:00,404919.0
twitter,2014-01-29 23:10:00,411605.0
twitter,2014-01-29 23:15:00,384823.0
twitter,2014-01-29 23:20:00,385307.0
twitter,2014-01-29 23:25:00,383649.0
twitter,2014-01-29 23:30:00,379522.0
twitter,2014-01-29 23:35:00,380653.0
twitter,2014-01-29 23:40:00,389618.0
twitter,2014-01-29 23:45:00,394555.0
twitter,2014-01-29 23:50:00,397901.0
twitter,2014-01-29 23:55:00,397791.0
twitter,2014-01-30 00:00:00,374840.0
twitter,2014-01-30 00:05:00,371575.0
twitter,2014-01-30 00:10:00,383242.0
twitter,2014-01-30 00:15:00,357826.0
twitter,2014-01-30 00:20:00,378892.0
twitter,2014-01-30 00:25:00,373800.0
twitter,2014-01-30 00:30:00,369034.0
twitter,2014-01-30 00:35:00,372293.0
twitter,2014-01-30 00:40:00,377335.0
twitter,2014-01-30 00:45:00,374739.0
twitter,2014-01-30 00:50:00,377941.0
twitter,2014-01-30 00:55:00,355224.0
twitter,2014-01-30 01:00:00,
twitter,2014-01-30 01:05:00,363296.0
twitter,2014-01-30 01:10:00,374701.0
twitter,2014-01-30 01:15:00,379217.0
twitter,2014-01-30 01:20:00,374917.0
twitter,2014-01-30 01:25:00,364029.0
twitter,2014-01-30 01:30:00,373907.0
twitter,2014-01-30 01:35:00,390344.0
twitter,2014-01-30 01:40:00,369013.0
twitter,2014-01-30 01:45:00,388997.0
twitter,2014-01-30 01:50:00,365128.0
twitter,2014-01-30 01:55:00,372125.0
twitter,2014-01-30 02:00:00,385638.0
twitter,2014-01-30 02:05:00,420246.0
twitter,2014-01-30 02:10:00,429247.0
twitter,2014-01-30 02:15:00,430545.0
twitter,2014-01-30 02:20:00,407890.0
twitter,2014-01-30 02:25:00,394888.0
twitter,2014-01-30 02:30:00,392500.0
twitter,2014-01-30 02:35:00,407400.0
twitter,2014-01-30 02:40:00,420662.0
twitter,2014-01-30 02:45:00,417278.0
twitter,2014-01-30 02:50:00,407230.0
twitter,2014-01-30 02:55:00,393085.0
twitter,2014-01-30 03:00:00,399150.0
twitter,2014-01-30 03:05:00,416436.0
twitter,2014-01-30 03:10:00,416799.0
twitter,2014-01-30 03:15:00,423112.0
twitter,2014-01-30 03:20:00,417541.0
twitter,2014-01-30 03:25:00,420364.0
twitter,2014-01-30 03:30:00,409660.0
twitter,2014-01-30 03:35:00,398188.0
twitter,2014-01-30 03:40:00,435168.0
twitter,2014-01-30 03:45:00,413651.0
twitter,2014-01-30 03:50:00,409724.0
twitter,2014-01-30 03:55:00,415202.0
twitter,2014-01-30 04:00:00,401047.0
twitter,2014-01-30 04:05:00,406666.0
twitter,2014-01-30 04:10:00,410657.0
twitter,2014-01-30 04:15:00,402385.0
twitter,2014-01-30 04:20:00,380039.0
twitter,2014-01-30 04:25:00,372905.0
twitter,2014-01-30 04:30:00,372419.0
twitter,2014-01-30 04:35:00,364455.0
twitter,2014-01-30 04:40:00,380604.0
twitter,2014-01-30 04:45:00,362424.0
twitter,2014-01-30 04:50:00,361710.0
twitter,2014-01-30 04:55:00,346934.0
twitter,2014-01-30 05:00:00,335645.0
twitter,2014-01-30 05:05:00,349878.0
twitter,2014-01-30 05:10:00,352548.0
twitter,2014-01-30 05:15:00,353763.0
twitter,2014-01-30 05:20:00,326559.0
twitter,2014-01-30 05:25:00,339918.0
twitter,2014-01-30 05:30:00,317583.0
twitter,2014-01-30 05:35:00,315684.0
twitter,2014-01-30 05:40:00,325398.0
twitter,2014-01-30 05:45:00,310110.0
twitter,2014-01-30 05:50:00,296789.0
twitter,2014-01-30 05:55:00,289201.0
twitter,2014-01-30 06:00:00,287767.0
twitter,2014-01-30 06:05:00,298402.0
twitter,2014-01-30 06:10:00,296160.0
twitter,2014-01-30 06:15:00,293483.0
twitter,2014-01-30 06:20:00,295321.0
twitter,2014-01-30 06:25:00,301256.0
twitter,2014-01-30 06:30:00,293783.0
twitter,2014-01-30 06:35:00,270826.0
twitter,2014-01-30 06:40:00,274699.0
twitter,2014-01-30 06:45:00,263185.0
twitter,2014-01-30 06:50:00,260803.0
twitter,2014-01-30 06:55:00,265368.0
twitter,2014-01-30 07:00:00,250130.0
twitter,2014-01-30 07:05:00,260182.0
twitter,2014-01-30 07:10:00,263784.0
twitter,2014-01-30 07:15:00,260158.0
twitter,2014-01-30 07:20:00,244606.0
twitter,2014-01-30 07:25:00,243132.0
twitter,2014-01-30 07:30:00,241430.0
twitter,2014-01-30 07:35:00,253743.0
twitter,2014-01-30 07:40:00,254464.0
twitter,2014-01-30 07:45:00,245150.0
twitter,2014-01-30 07:50:00,240004.0
twitter,2014-01-30 07:55:00,235104.0
twitter,2014-01-30 08:00:00,238373.0
twitter,2014-01-30 08:05:00,250263.0
twitter,2014-01-30 08:10:00,262905.0
twitter,2014-01-30 08:15:00,242497.0
twitter,2014-01-30 08:20:00,244070.0
twitter,2014-01-30 08:25:00,248621.0
twitter,2014-01-30 08:30:00,242850.0
twitter,2014-01-30 08:35:00,248752.0
twitter,2014-01-30 08:40:00,243183.0
twitter,2014-01-30 08:45:00,251568.0
twitter,2014-01-30 08:50:00,245233.0
twitter,2014-01-30 08:55:00,237565.0
twitter,2014-01-30 09:00:00,231767.0
twitter,2014-01-30 09:05:00,240314.0
twitter,2014-01-30 09:10:00,256223.0
twitter,2014-01-30 09:15:00,250983.0
twitter,2014-01-30 09:20:00,246110.0
twitter,2014-01-30 09:25:00,242515.0
twitter,2014-01-30 09:30:00,230878.0
twitter,2014-01-30 09:35:00,243358.0
twitter,2014-01-30 09:40:00,250845.0
twitter,2014-01-30 09:45:00,254718.0
twitter,2014-01-30 09:50:00,250433.0
twitter,2014-01-30 09:55:00,249528.0
twitter,2014-01-30 10:00:00,247304.0
twitter,2014-01-30 10:05:00,264379.0
twitter,2014-01-30 10:10:00,253941.0
twitter,2014-01-30 10:15:00,257755.0
twitter,2014-01-30 10:20:00,247995.0
twitter,2014-01-30 10:25:00,255286.0
twitter,2014-01-30 10:30:00,261310.0
twitter,2014-01-30 10:35:00,271753.0
twitter,2014-01-30 10:40:00,266776.0
twitter,2014-01-30 10:45:00,266102.0
twitter,2014-01-30 10:50:00,268005.0
twitter,2014-01-30 10:55:00,287169.0
twitter,2014-01-30 11:00:00,280012.0
twitter,2014-01-30 11:05:00,293427.0
twitter,2014-01-30 11:10:00,299655.0
twitter,2014-01-30 11:15:00,310644.0
twitter,2014-01-30 11:20:00,301779.0
twitter,2014-01-30 11:25:00,288768.0
twitter,2014-01-30 11:30:00,296032.0
twitter,2014-01-30 11:35:00,307750.0
twitter,2014-01-30 11:40:00,311720.0
twitter,2014-01-30 11:45:00,319030.0
twitter,2014-01-30 11:50:00,307012.0
twitter,2014-01-30 11:55:00,325173.0
twitter,2014-01-30 12:00:00,324961.0
twitter,2014-01-30 12:05:00,349044.0
twitter,2014-01-30 12:10:00,354278.0
twitter,2014-01-30 12:15:00,353160.0
twitter,2014-01-30 12:20:00,339187.0
twitter,2014-01-30 12:25:00,345613.0
twitter,2014-01-30 12:30:00,360730.0
twitter,2014-01-30 12:35:00,363164.0
twitter,2014-01-30 12:40:00,363399.0
twitter,2014-01-30 12:45:00,368853.0
twitter,2014-01-30 12:50:00,364476.0
twitter,2014-01-30 12:55:00,369274.0
twitter,2014-01-30 13:00:00,380050.0
twitter,2014-01-30 13:05:00,392382.0
twitter,2014-01-30 13:10:00,385799.0
twitter,2014-01-30 13:15:00,396768.0
twitter,2014-01-30 13:20:00,391580.0
twitter,2014-01-30 13:25:00,393207.0
twitter,2014-01-30 13:30:00,394458.0
twitter,2014-01-30 13:35:00,414748.0
twitter,2014-01-30 13:40:00,406707.0
twitter,2014-01-30 13:45:00,411479.0
twitter,2014-01-30 13:50:00,413141.0
twitter,2014-01-30 13:55:00,406672.0
twitter,2014-01-30 14:00:00,400322.0
twitter,2014-01-30 14:05:00,422247.0
twitter,2014-01-30 14:10:00,425752.0
twitter,2014-01-30 14:15:00,427360.0
twitter,2014-01-30 14:20:00,417091.0
twitter,2014-01-30 14:25:00,410514.0
twitter,2014-01-30 14:30:00,421670.0
twitter,2014-01-30 14:35:00,440511.0
twitter,2014-01-30 14:40:00,453197.0
twitter,2014-01-30 14:45:00,458410.0
twitter,2014-01-30 14:50:00,435343.0
twitter,2014-01-30 14:55:00,436906.0
twitter,2014-01-30 15:00:00,449354.0
twitter,2014-01-30 15:05:00,488126.0
twitter,2014-01-30 15:10:00,467911.0
twitter,2014-01-30 15:15:00,470702.0
twitter,2014-01-30 15:20:00,459653.0
twitter,2014-01-30 15:25:00,441388.0
twitter,2014-01-30 15:30:00,437517.0
twitter,2014-01-30 15:35:00,443576.0
twitter,2014-01-30 15:40:00,435962.0
twitter,2014-01-30 15:45:00,430967.0
twitter,2014-01-30 15:50:00,416054.0
twitter,2014-01-30 15:55:00,412765.0
twitter,2014-01-30 16:00:00,414914.0
twitter,2014-01-30 16:05:00,431914.0
twitter,2014-01-30 16:10:00,421244.0
twitter,2014-01-30 16:15:00,443242.0
twitter,2014-01-30 16:20:00,435809.0
twitter,2014-01-30 16:25:00,416712.0
twitter,2014-01-30 16:30:00,409529.0
twitter,2014-01-30 16:35:00,415088.0
twitter,2014-01-30 16:40:00,412987.0
twitter,2014-01-30 16:45:00,397984.0
twitter,2014-01-30 16:50:00,381419.0
twitter,2014-01-30 16:55:00,377290.0
twitter,2014-01-30 17:00:00,370659.0
twitter,2014-01-30 17:05:00,374121.0
twitter,2014-01-30 17:10:00,379765.0
twitter,2014-01-30 17:15:00,376390.0
twitter,2014-01-30 17:20:00,381170.0
twitter,2014-01-30 17:25:00,381594.0
twitter,2014-01-30 17:30:00,370897.0
twitter,2014-01-30 17:35:00,376201.0
twitter,2014-01-30 17:40:00,363446.0
twitter,2014-01-30 17:45:00,361234.0
twitter,2014-01-30 17:50:00,349441.0
twitter,2014-01-30 17:55:00,345186.0
twitter,2014-01-30 18:00:00,341544.0
twitter,2014-01-30 18:05:00,
twitter,2014-01-30 18:10:00,348665.0
twitter,2014-01-30 18:15:00,345634.0
twitter,2014-01-30 18:20:00,348541.0
twitter,2014-01-30 18:25:00,350174.0
twitter,2014-01-30 18:30:00,348994.0
twitter,2014-01-30 18:35:00,361267.0
twitter,2014-01-30 18:40:00,370569.0
twitter,2014-01-30 18:45:00,368555.0
twitter,2014-01-30 18:50:00,361478.0
twitter,2014-01-30 18:55:00,352642.0
twitter,2014-01-30 19:00:00,346601.0
twitter,2014-01-30 19:05:00,354666.0
twitter,2014-01-30 19:10:00,348162.0
twitter,2014-01-30 19:15:00,367293.0
twitter,2014-01-30 19:20:00,336493.0
twitter,2014-01-30 19:25:00,339370.0
twitter,2014-01-30 19:30:00,332325.0
twitter,2014-01-30 19:35:00,337873.0
twitter,2014-01-30 19:40:00,340713.0
twitter,2014-01-30 19:45:00,340851.0
twitter,2014-01-30 19:50:00,327486.0
twitter,2014-01-30 19:55:00,324428.0
twitter,2014-01-30 20:00:00,321939.0
twitter,2014-01-30 20:05:00,347870.0
twitter,2014-01-30 20:10:00,345541.0
twitter,2014-01-30 20:15:00,340336.0
twitter,2014-01-30 20:20:00,347030.0
twitter,2014-01-30 20:25:00,351226.0
twitter,2014-01-30 20:30:00,366707.0
twitter,2014-01-30 20:35:00,357672.0
twitter,2014-01-30 20:40:00,369666.0
twitter,2014-01-30 20:45:00,349975.0
twitter,2014-01-30 20:50:00,347275.0
twitter,2014-01-30 20:55:00,347240.0
twitter,2014-01-30 21:00:00,329763.0
twitter,2014-01-30 21:05:00,354720.0
twitter,2014-01-30 21:10:00,363388.0
twitter,2014-01-30 21:15:00,353625.0
twitter,2014-01-30 21:20:00,356262.0
twitter,2014-01-30 21:25:00,358017.0
twitter,2014-01-30 21:30:00,354133.0
twitter,2014-01-30 21:35:00,351687.0
twitter,2014-01-30 21:40:00,358392.0
twitter,2014-01-30 21:45:00,369882.0
twitter,2014-01-30 21:50:00,357349.0
twitter,2014-01-30 21:55:00,364444.0
twitter,2014-01-30 22:00:00,355627.0
twitter,2014-01-30 22:05:00,377740.0
twitter,2014-01-30 22:10:00,363956.0
twitter,2014-01-30 22:15:00,367463.0
twitter,2014-01-30 22:20:00,355108.0
twitter,2014-01-30 22:25:00,366509.0
twitter,2014-01-30 22:30:00,367115.0
twitter,2014-01-30 22:35:00,378661.0
twitter,2014-01-30 22:40:00,380733.0
twitter,2014-01-30 22:45:00,380724.0
twitter,2014-01-30 22:50:00,381586.0
twitter,2014-01-30 22:55:00,373761.0
twitter,2014-01-30 23:00:00,369191.0
twitter,2014-01-30 23:05:00,382218.0
twitter,2014-01-30 23:10:00,378125.0
twitter,2014-01-30 23:15:00,371737.0
twitter,2014-01-30 23:20:00,359164.0
twitter,2014-01-30 23:25:00,354312.0
twitter,2014-01-30 23:30:00,357440.0
twitter,2014-01-30 23:35:00,372781.0
twitter,2014-01-30 23:40:00,371361.0
twitter,2014-01-30 23:45:00,385124.0
twitter,2014-01-30 23:50:00,370853.0
twitter,2014-01-30 23:55:00,365058.0
twitter,2014-01-31 00:00:00,367231.0
twitter,2014-01-31 00:05:00,365713.0
twitter,2014-01-31 00:10:00,364413.0
twitter,2014-01-31 00:15:00,372585.0
twitter,2014-01-31 00:20:00,352152.0
twitter,2014-01-31 00:25:00,353715.0
twitter,2014-01-31 00:30:00,349642.0
twitter,2014-01-31 00:35:00,358913.0
twitter,2014-01-31 00:40:00,357005.0
twitter,2014-01-31 00:45:00,360322.0
twitter,2014-01-31 00:50:00,354331.0
twitter,2014-01-31 00:55:00,343234.0
twitter,2014-01-31 01:00:00,351450.0
twitter,2014-01-31 01:05:00,367724.0
twitter,2014-01-31 01:10:00,373063.0
twitter,2014-01-31 01:15:00,364334.0
twitter,2014-01-31 01:20:00,359933.0
twitter,2014-01-31 01:25:00,356987.0
twitter,2014-01-31 01:30:00,359930.0
twitter,2014-01-31 01:35:00,384533.0
twitter,2014-01-31 01:40:00,384652.0
twitter,2014-01-31 01:45:00,384400.0
twitter,2014-01-31 01:50:00,369274.0
twitter,2014-01-31 01:55:00,369096.0
twitter,2014-01-31 02:00:00,363231.0
twitter,2014-01-31 02:05:00,369860.0
twitter,2014-01-31 02:10:00,369917.0
twitter,2014-01-31 02:15:00,389906.0
twitter,2014-01-31 02:20:00,372709.0
twitter,2014-01-31 02:25:00,377379.0
twitter,2014-01-31 02:30:00,370311.0
twitter,2014-01-31 02:35:00,380436.0
twitter,2014-01-31 02:40:00,391690.0
twitter,2014-01-31 02:45:00,406534.0
twitter,2014-01-31 02:50:00,392080.0
twitter,2014-01-31 02:55:00,389509.0
twitter,2014-01-31 03:00:00,387953.0
twitter,2014-01-31 03:05:00,397036.0
twitter,2014-01-31 03:10:00,416159.0
twitter,2014-01-31 03:15:00,422054.0
twitter,2014-01-31 03:20:00,409255.0
twitter,2014-01-31 03:25:00,401538.0
twitter,2014-01-31 03:30:00,405282.0
twitter,2014-01-31 03:35:00,399276.0
twitter,2014-01-31 03:40:00,407402.0
twitter,2014-01-31 03:45:00,408721.0
twitter,2014-01-31 03:50:00,414650.0
twitter,2014-01-31 03:55:00,388255.0
twitter,2014-01-31 04:00:00,392869.0
twitter,2014-01-31 04:05:00,393327.0
twitter,2014-01-31 04:10:00,385186.0
twitter,2014-01-31 04:15:00,382291.0
twitter,2014-01-31 04:20:00,373013.0
twitter,2014-01-31 04:25:00,359201.0
twitter,2014-01-31 04:30:00,343522.0
twitter,2014-01-31 04:35:00,352543.0
twitter,2014-01-31 04:40:00,355445.0
twitter,2014-01-31 04:45:00,356069.0
twitter,2014-01-31 04:50:00,356362.0
twitter,2014-01-31 04:55:00,338465.0
twitter,2014-01-31 05:00:00,328107.0
twitter,2014-01-31 05:05:00,352245.0
twitter,2014-01-31 05:10:00,353851.0
twitter,2014-01-31 05:15:00,338537.0
twitter,2014-01-31 05:20:00,323072.0
twitter,2014-01-31 05:25:00,312282.0
twitter,2014-01-31 05:30:00,305207.0
twitter,2014-01-31 05:35:00,300581.0
twitter,2014-01-31 05:40:00,312533.0
twitter,2014-01-31 05:45:00,295933.0
twitter,2014-01-31 05:50:00,296686.0
twitter,2014-01-31 05:55:00,302750.0
twitter,2014-01-31 06:00:00,280078.0
twitter,2014-01-31 06:05:00,287091.0
twitter,2014-01-31 06:10:00,296468.0
twitter,2014-01-31 06:15:00,285588.0
twitter,2014-01-31 06:20:00,276350.0
twitter,2014-01-31 06:25:00,264951.0
twitter,2014-01-31 06:30:00,274154.0
twitter,2014-01-31 06:35:00,278589.0
twitter,2014-01-31 06:40:00,279622.0
twitter,2014-01-31 06:45:00,276430.0
twitter,2014-01-31 06:50:00,267482.0
twitter,2014-01-31 06:55:00,263876.0
twitter,2014-01-31 07:00:00,259411.0
twitter,2014-01-31 07:05:00,260715.0
twitter,2014-01-31 07:10:00,278370.0
twitter,2014-01-31 07:15:00,269073.0
twitter,2014-01-31 07:20:00,263198.0
twitter,2014-01-31 07:25:00,256581.0
twitter,2014-01-31 07:30:00,254305.0
twitter,2014-01-31 07:35:00,255073.0
twitter,2014-01-31 07:40:00,248507.0
twitter,2014-01-31 07:45:00,246338.0
twitter,2014-01-31 07:50:00,244814.0
twitter,2014-01-31 07:55:00,224732.0
twitter,2014-01-31 08:00:00,258186.0
twitter,2014-01-31 08:05:00,244767.0
twitter,2014-01-31 08:10:00,251669.0
twitter,2014-01-31 08:15:00,244907.0
twitter,2014-01-31 08:20:00,247117.0
twitter,2014-01-31 08:25:00,243828.0
twitter,2014-01-31 08:30:00,256352.0
twitter,2014-01-31 08:35:00,242412.0
twitter,2014-01-31 08:40:00,232717.0
twitter,2014-01-31 08:45:00,231223.0
twitter,2014-01-31 08:50:00,232078.0
twitter,2014-01-31 08:55:00,231783.0
twitter,2014-01-31 09:00:00,236090.0
twitter,2014-01-31 09:05:00,241956.0
twitter,2014-01-31 09:10:00,242032.0
twitter,2014-01-31 09:15:00,225606.0
twitter,2014-01-31 09:20:00,238546.0
twitter,2014-01-31 09:25:00,236624.0
twitter,2014-01-31 09:30:00,258278.0
twitter,2014-01-31 09:35:00,268633.0
twitter,2014-01-31 09:40:00,259968.0
twitter,2014-01-31 09:45:00,253501.0
twitter,2014-01-31 09:50:00,248047.0
twitter,2014-01-31 09:55:00,253239.0
twitter,2014-01-31 10:00:00,269610.0
twitter,2014-01-31 10:05:00,267559.0
twitter,2014-01-31 10:10:00,270983.0
twitter,2014-01-31 10:15:00,248884.0
twitter,2014-01-31 10:20:00,259607.0
twitter,2014-01-31 10:25:00,261262.0
twitter,2014-01-31 10:30:00,275074.0
twitter,2014-01-31 10:35:00,274026.0
twitter,2014-01-31 10:40:00,276005.0
twitter,2014-01-31 10:45:00,263508.0
twitter,2014-01-31 10:50:00,268540.0
twitter,2014-01-31 10:55:00,270321.0
twitter,2014-01-31 11:00:00,301740.0
twitter,2014-01-31 11:05:00,308793.0
twitter,2014-01-31 11:10:00,308225.0
twitter,2014-01-31 11:15:00,289596.0
twitter,2014-01-31 11:20:00,294596.0
twitter,2014-01-31 11:25:00,298661.0
twitter,2014-01-31 11:30:00,309204.0
twitter,2014-01-31 11:35:00,329291.0
twitter,2014-01-31 11:40:00,342664.0
twitter,2014-01-31 11:45:00,316908.0
twitter,2014-01-31 11:50:00,314695.0
twitter,2014-01-31 11:55:00,318878.0
twitter,2014-01-31 12:00:00,341721.0
twitter,2014-01-31 12:05:00,343377.0
twitter,2014-01-31 12:10:00,346249.0
twitter,2014-01-31 12:15:00,344332.0
twitter,2014-01-31 12:20:00,335944.0
twitter,2014-01-31 12:25:00,346091.0
twitter,2014-01-31 12:30:00,363950.0
twitter,2014-01-31 12:35:00,384461.0
twitter,2014-01-31 12:40:00,374265.0
twitter,2014-01-31 12:45:00,373887.0
twitter,2014-01-31 12:50:00,363794.0
twitter,2014-01-31 12:55:00,365841.0
twitter,2014-01-31 13:00:00,
twitter,2014-01-31 13:05:00,389511.0
twitter,2014-01-31 13:10:00,397690.0
twitter,2014-01-31 13:15:00,402653.0
twitter,2014-01-31 13:20:00,390866.0
twitter,2014-01-31 13:25:00,387224.0
twitter,2014-01-31 13:30:00,388057.0
twitter,2014-01-31 13:35:00,392851.0
twitter,2014-01-31 13:40:00,395938.0
twitter,2014-01-31 13:45:00,398835.0
twitter,2014-01-31 13:50:00,395730.0
twitter,2014-01-31 13:55:00,412975.0
twitter,2014-01-31 14:00:00,440685.0
twitter,2014-01-31 14:05:00,431603.0
twitter,2014-01-31 14:10:00,422082.0
twitter,2014-01-31 14:15:00,415979.0
twitter,2014-01-31 14:20:00,424356.0
twitter,2014-01-31 14:25:00,444047.0
twitter,2014-01-31 14:30:00,448141.0
twitter,2014-01-31 14:35:00,436641.0
twitter,2014-01-31 14:40:00,431188.0
twitter,2014-01-31 14:45:00,
twitter,2014-01-31 14:50:00,438911.0
twitter,2014-01-31 14:55:00,434112.0
twitter,2014-01-31 15:00:00,448089.0
twitter,2014-01-31 15:05:00,471615.0
twitter,2014-01-31 15:10:00,470062.0
twitter,2014-01-31 15:15:00,477629.0
twitter,2014-01-31 15:20:00,486851.0
twitter,2014-01-31 15:25:00,481127.0
twitter,2014-01-31 15:30:00,456336.0
twitter,2014-01-31 15:35:00,472187.0
twitter,2014-01-31 15:40:00,458575.0
twitter,2014-01-31 15:45:00,441306.0
twitter,2014-01-31 15:50:00,434986.0
twitter,2014-01-31 15:55:00,440798.0
twitter,2014-01-31 16:00:00,474178.0
twitter,2014-01-31 16:05:00,434917.0
twitter,2014-01-31 16:10:00,473321.0
twitter,2014-01-31 16:15:00,462165.0
twitter,2014-01-31 16:20:00,454475.0
twitter,2014-01-31 16:25:00,459911.0
twitter,2014-01-31 16:30:00,463410.0
twitter,2014-01-31 16:35:00,432763.0
twitter,2014-01-31 16:40:00,437751.0
twitter,2014-01-31 16:45:00,427678.0
twitter,2014-01-31 16:50:00,414391.0
twitter,2014-01-31 16:55:00,413480.0
twitter,2014-01-31 17:00:00,415910.0
twitter,2014-01-31 17:05:00,403518.0
twitter,2014-01-31 17:10:00,397676.0
twitter,2014-01-31 17:15:00,414795.0
twitter,2014-01-31 17:20:00,393293.0
twitter,2014-01-31 17:25:00,397551.0
twitter,2014-01-31 17:30:00,377065.0
twitter,2014-01-31 17:35:00,383952.0
twitter,2014-01-31 17:40:00,369189.0
twitter,2014-01-31 17:45:00,384919.0
twitter,2014-01-31 17:50:00,391628.0
twitter,2014-01-31 17:55:00,369702.0
twitter,2014-01-31 18:00:00,360095.0
twitter,2014-01-31 18:05:00,378628.0
twitter,2014-01-31 18:10:00,370449.0
twitter,2014-01-31 18:15:00,357907.0
twitter,2014-01-31 18:20:00,360839.0
twitter,2014-01-31 18:25:00,364337.0
twitter,2014-01-31 18:30:00,334333.0
twitter,2014-01-31 18:35:00,342406.0
twitter,2014-01-31 18:40:00,369781.0
twitter,2014-01-31 18:45:00,369917.0
twitter,2014-01-31 18:50:00,351945.0
twitter,2014-01-31 18:55:00,342523.0
twitter,2014-01-31 19:00:00,326850.0
twitter,2014-01-31 19:05:00,344113.0
twitter,2014-01-31 19:10:00,344908.0
twitter,2014-01-31 19:15:00,349852.0
twitter,2014-01-31 19:20:00,342497.0
twitter,2014-01-31 19:25:00,339128.0
twitter,2014-01-31 19:30:00,338833.0
twitter,2014-01-31 19:35:00,341586.0
twitter,2014-01-31 19:40:00,348186.0
twitter,2014-01-31 19:45:00,355407.0
twitter,2014-01-31 19:50:00,337828.0
twitter,2014-01-31 19:55:00,349890.0
twitter,2014-01-31 20:00:00,338961.0
twitter,2014-01-31 20:05:00,361379.0
twitter,2014-01-31 20:10:00,351649.0
twitter,2014-01-31 20:15:00,352374.0
twitter,2014-01-31 20:20:00,333848.0
twitter,2014-01-31 20:25:00,329152.0
twitter,2014-01-31 20:30:00,351823.0
twitter,2014-01-31 20:35:00,350111.0
twitter,2014-01-31 20:40:00,340751.0
twitter,2014-01-31 20:45:00,332013.0
twitter,2014-01-31 20:50:00,337695.0
twitter,2014-01-31 20:55:00,354773.0
twitter,2014-01-31 21:00:00,327436.0
twitter,2014-01-31 21:05:00,347573.0
twitter,2014-01-31 21:10:00,343686.0
twitter,2014-01-31 21:15:00,355922.0
twitter,2014-01-31 21:20:00,352729.0
twitter,2014-01-31 21:25:00,354059.0
twitter,2014-01-31 21:30:00,348053.0
twitter,2014-01-31 21:35:00,341872.0
twitter,2014-01-31 21:40:00,359678.0
twitter,2014-01-31 21:45:00,345159.0
twitter,2014-01-31 21:50:00,343492.0
twitter,2014-01-31 21:55:00,350329.0
twitter,2014-01-31 22:00:00,353864.0
twitter,2014-01-31 22:05:00,371331.0
twitter,2014-01-31 22:10:00,370672.0
twitter,2014-01-31 22:15:00,370091.0
twitter,2014-01-31 22:20:00,369420.0
twitter,2014-01-31 22:25:00,368891.0
twitter,2014-01-31 22:30:00,357086.0
twitter,2014-01-31 22:35:00,371175.0
twitter,2014-01-31 22:40:00,396575.0
twitter,2014-01-31 22:45:00,386312.0
twitter,2014-01-31 22:50:00,369972.0
twitter,2014-01-31 22:55:00,368264.0
twitter,2014-01-31 23:00:00,357898.0
twitter,2014-01-31 23:05:00,382207.0
twitter,2014-01-31 23:10:00,376000.0
twitter,2014-01-31 23:15:00,376724.0
twitter,2014-01-31 23:20:00,373170.0
twitter,2014-01-31 23:25:00,377737.0
twitter,2014-01-31 23:30:00,368391.0
twitter,2014-01-31 23:35:00,372541.0
twitter,2014-01-31 23:40:00,357136.0
twitter,2014-01-31 23:45:00,359735.0
twitter,2014-01-31 23:50:00,354661.0
twitter,2014-01-31 23:55:00,359310.0
twitter,2014-02-01 00:00:00,364181.0
twitter,2014-02-01 00:05:00,376466.0
twitter,2014-02-01 00:10:00,374533.0
twitter,2014-02-01 00:15:00,384295.0
twitter,2014-02-01 00:20:00,362079.0
twitter,2014-02-01 00:25:00,362735.0
twitter,2014-02-01 00:30:00,334815.0
twitter,2014-02-01 00:35:00,364867.0
twitter,2014-02-01 00:40:00,353176.0
twitter,2014-02-01 00:45:00,359451.0
twitter,2014-02-01 00:50:00,357638.0
twitter,2014-02-01 00:55:00,349552.0
twitter,2014-02-01 01:00:00,341870.0
twitter,2014-02-01 01:05:00,355779.0
twitter,2014-02-01 01:10:00,380345.0
twitter,2014-02-01 01:15:00,398321.0
twitter,2014-02-01 01:20:00,363416.0
twitter,2014-02-01 01:25:00,359377.0
twitter,2014-02-01 01:30:00,360791.0
twitter,2014-02-01 01:35:00,355444.0
twitter,2014-02-01 01:40:00,362581.0
twitter,2014-02-01 01:45:00,346540.0
twitter,2014-02-01 01:50:00,340462.0
twitter,2014-02-01 01:55:00,352362.0
twitter,2014-02-01 02:00:00,355513.0
twitter,2014-02-01 02:05:00,375199.0
twitter,2014-02-01 02:10:00,386419.0
twitter,2014-02-01 02:15:00,378897.0
twitter,2014-02-01 02:20:00,374290.0
twitter,2014-02-01 02:25:00,369611.0
twitter,2014-02-01 02:30:00,361246.0
twitter,2014-02-01 02:35:00,369914.0
twitter,2014-02-01 02:40:00,374540.0
twitter,2014-02-01 02:45:00,375941.0
twitter,2014-02-01 02:50:00,376415.0
twitter,2014-02-01 02:55:00,371862.0
twitter,2014-02-01 03:00:00,364043.0
twitter,2014-02-01 03:05:00,375667.0
twitter,2014-02-01 03:10:00,380198.0
twitter,2014-02-01 03:15:00,379178.0
twitter,2014-02-01 03:20:00,378737.0
twitter,2014-02-01 03:25:00,384496.0
twitter,2014-02-01 03:30:00,371608.0
twitter,2014-02-01 03:35:00,372141.0
twitter,2014-02-01 03:40:00,391259.0
twitter,2014-02-01 03:45:00,365796.0
twitter,2014-02-01 03:50:00,375687.0
twitter,2014-02-01 03:55:00,363626.0
twitter,2014-02-01 04:00:00,381005.0
twitter,2014-02-01 04:05:00,387271.0
twitter,2014-02-01 04:10:00,379605.0
twitter,2014-02-01 04:15:00,371742.0
twitter,2014-02-01 04:20:00,359554.0
twitter,2014-02-01 04:25:00,355761.0
twitter,2014-02-01 04:30:00,344933.0
twitter,2014-02-01 04:35:00,354544.0
twitter,2014-02-01 04:40:00,371660.0
twitter,2014-02-01 04:45:00,352919.0
twitter,2014-02-01 04:50:00,344249.0
twitter,2014-02-01 04:55:00,341893.0
twitter,2014-02-01 05:00:00,349878.0
twitter,2014-02-01 05:05:00,365944.0
twitter,2014-02-01 05:10:00,354884.0
twitter,2014-02-01 05:15:00,360928.0
twitter,2014-02-01 05:20:00,353828.0
twitter,2014-02-01 05:25:00,335815.0
twitter,2014-02-01 05:30:00,330724.0
twitter,2014-02-01 05:35:00,332477.0
twitter,2014-02-01 05:40:00,342597.0
twitter,2014-02-01 05:45:00,334206.0
twitter,2014-02-01 05:50:00,316473.0
twitter,2014-02-01 05:55:00,301619.0
twitter,2014-02-01 06:00:00,323956.0
twitter,2014-02-01 06:05:00,302291.0
twitter,2014-02-01 06:10:00,301739.0
twitter,2014-02-01 06:15:00,305394.0
twitter,2014-02-01 06:20:00,296243.0
twitter,2014-02-01 06:25:00,275797.0
twitter,2014-02-01 06:30:00,282003.0
twitter,2014-02-01 06:35:00,280230.0
twitter,2014-02-01 06:40:00,284826.0
twitter,2014-02-01 06:45:00,294490.0
twitter,2014-02-01 06:50:00,265787.0
twitter,2014-02-01 06:55:00,270632.0
twitter,2014-02-01 07:00:00,285231.0
twitter,2014-02-01 07:05:00,261870.0
twitter,2014-02-01 07:10:00,266213.0
twitter,2014-02-01 07:15:00,277492.0
twitter,2014-02-01 07:20:00,255034.0
twitter,2014-02-01 07:25:00,251250.0
twitter,2014-02-01 07:30:00,270602.0
twitter,2014-02-01 07:35:00,260105.0
twitter,2014-02-01 07:40:00,256779.0
twitter,2014-02-01 07:45:00,265155.0
twitter,2014-02-01 07:50:00,253424.0
twitter,2014-02-01 07:55:00,266650.0
twitter,2014-02-01 08:00:00,277186.0
twitter,2014-02-01 08:05:00,265762.0
twitter,2014-02-01 08:10:00,277353.0
twitter,2014-02-01 08:15:00,279117.0
twitter,2014-02-01 08:20:00,280605.0
twitter,2014-02-01 08:25:00,255159.0
twitter,2014-02-01 08:30:00,268107.0
twitter,2014-02-01 08:35:00,271228.0
twitter,2014-02-01 08:40:00,274163.0
twitter,2014-02-01 08:45:00,268207.0
twitter,2014-02-01 08:50:00,266716.0
twitter,2014-02-01 08:55:00,278090.0
twitter,2014-02-01 09:00:00,289557.0
twitter,2014-02-01 09:05:00,286924.0
twitter,2014-02-01 09:10:00,279781.0
twitter,2014-02-01 09:15:00,281137.0
twitter,2014-02-01 09:20:00,269323.0
twitter,2014-02-01 09:25:00,265032.0
twitter,2014-02-01 09:30:00,304951.0
twitter,2014-02-01 09:35:00,291416.0
twitter,2014-02-01 09:40:00,292284.0
twitter,2014-02-01 09:45:00,290762.0
twitter,2014-02-01 09:50:00,283560.0
twitter,2014-02-01 09:55:00,274431.0
twitter,2014-02-01 10:00:00,299076.0
twitter,2014-02-01 10:05:00,301338.0
twitter,2014-02-01 10:10:00,306412.0
twitter,2014-02-01 10:15:00,308552.0
twitter,2014-02-01 10:20:00,287875.0
twitter,2014-02-01 10:25:00,286122.0
twitter,2014-02-01 10:30:00,293696.0
twitter,2014-02-01 10:35:00,293507.0
twitter,2014-02-01 10:40:00,298768.0
twitter,2014-02-01 10:45:00,300471.0
twitter,2014-02-01 10:50:00,297054.0
twitter,2014-02-01 10:55:00,304840.0
twitter,2014-02-01 11:00:00,325314.0
twitter,2014-02-01 11:05:00,324279.0
twitter,2014-02-01 11:10:00,318224.0
twitter,2014-02-01 11:15:00,327551.0
twitter,2014-02-01 11:20:00,307352.0
twitter,2014-02-01 11:25:00,306358.0
twitter,2014-02-01 11:30:00,309918.0
twitter,2014-02-01 11:35:00,315039.0
twitter,2014-02-01 11:40:00,325481.0
twitter,2014-02-01 11:45:00,334390.0
twitter,2014-02-01 11:50:00,330059.0
twitter,2014-02-01 11:55:00,328222.0
twitter,2014-02-01 12:00:00,344258.0
twitter,2014-02-01 12:05:00,344322.0
twitter,2014-02-01 12:10:00,354252.0
twitter,2014-02-01 12:15:00,363349.0
twitter,2014-02-01 12:20:00,354289.0
twitter,2014-02-01 12:25:00,364671.0
twitter,2014-02-01 12:30:00,372550.0
twitter,2014-02-01 12:35:00,367017.0
twitter,2014-02-01 12:40:00,378350.0
twitter,2014-02-01 12:45:00,376758.0
twitter,2014-02-01 12:50:00,371266.0
twitter,2014-02-01 12:55:00,374726.0
twitter,2014-02-01 13:00:00,392454.0
twitter,2014-02-01 13:05:00,388418.0
twitter,2014-02-01 13:10:00,392712.0
twitter,2014-02-01 13:15:00,410323.0
twitter,2014-02-01 13:20:00,400164.0
twitter,2014-02-01 13:25:00,388756.0
twitter,2014-02-01 13:30:00,406610.0
twitter,2014-02-01 13:35:00,412526.0
twitter,2014-02-01 13:40:00,421306.0
twitter,2014-02-01 13:45:00,424626.0
twitter,2014-02-01 13:50:00,425179.0
twitter,2014-02-01 13:55:00,424134.0
twitter,2014-02-01 14:00:00,447150.0
twitter,2014-02-01 14:05:00,445308.0
twitter,2014-02-01 14:10:00,476318.0
twitter,2014-02-01 14:15:00,477430.0
twitter,2014-02-01 14:20:00,468594.0
twitter,2014-02-01 14:25:00,433399.0
twitter,2014-02-01 14:30:00,454278.0
twitter,2014-02-01 14:35:00,457405.0
twitter,2014-02-01 14:40:00,457203.0
twitter,2014-02-01 14:45:00,446991.0
twitter,2014-02-01 14:50:00,443960.0
twitter,2014-02-01 14:55:00,443815.0
twitter,2014-02-01 15:00:00,494981.0
twitter,2014-02-01 15:05:00,462281.0
twitter,2014-02-01 15:10:00,466104.0
twitter,2014-02-01 15:15:00,458161.0
twitter,2014-02-01 15:20:00,451371.0
twitter,2014-02-01 15:25:00,434396.0
twitter,2014-02-01 15:30:00,444626.0
twitter,2014-02-01 15:35:00,454637.0
twitter,2014-02-01 15:40:00,453210.0
twitter,2014-02-01 15:45:00,448016.0
twitter,2014-02-01 15:50:00,455928.0
twitter,2014-02-01 15:55:00,451508.0
twitter,2014-02-01 16:00:00,476541.0
twitter,2014-02-01 16:05:00,474120.0
twitter,2014-02-01 16:10:00,501430.0
twitter,2014-02-01 16:15:00,490535.0
twitter,2014-02-01 16:20:00,446253.0
twitter,2014-02-01 16:25:00,430501.0
twitter,2014-02-01 16:30:00,440552.0
twitter,2014-02-01 16:35:00,440422.0
twitter,2014-02-01 16:40:00,457823.0
twitter,2014-02-01 16:45:00,449655.0
twitter,2014-02-01 16:50:00,476980.0
twitter,2014-02-01 16:55:00,467057.0
twitter,2014-02-01 17:00:00,489895.0
twitter,2014-02-01 17:05:00,437339.0
twitter,2014-02-01 17:10:00,438921.0
twitter,2014-02-01 17:15:00,415088.0
twitter,2014-02-01 17:20:00,458220.0
twitter,2014-02-01 17:25:00,419987.0
twitter,2014-02-01 17:30:00,420579.0
twitter,2014-02-01 17:35:00,409662.0
twitter,2014-02-01 17:40:00,415217.0
twitter,2014-02-01 17:45:00,411773.0
twitter,2014-02-01 17:50:00,385311.0
twitter,2014-02-01 17:55:00,403925.0
twitter,2014-02-01 18:00:00,420311.0
twitter,2014-02-01 18:05:00,412989.0
twitter,2014-02-01 18:10:00,400105.0
twitter,2014-02-01 18:15:00,402101.0
twitter,2014-02-01 18:20:00,381821.0
twitter,2014-02-01 18:25:00,366878.0
twitter,2014-02-01 18:30:00,367247.0
twitter,2014-02-01 18:35:00,409544.0
twitter,2014-02-01 18:40:00,396533.0
twitter,2014-02-01 18:45:00,378558.0
twitter,2014-02-01 18:50:00,370442.0
twitter,2014-02-01 18:55:00,345840.0
twitter,2014-02-01 19:00:00,360409.0
twitter,2014-02-01 19:05:00,352460.0
twitter,2014-02-01 19:10:00,395203.0
twitter,2014-02-01 19:15:00,399881.0
twitter,2014-02-01 19:20:00,391784.0
twitter,2014-02-01 19:25:00,382404.0
twitter,2014-02-01 19:30:00,389943.0
twitter,2014-02-01 19:35:00,376594.0
twitter,2014-02-01 19:40:00,385870.0
twitter,2014-02-01 19:45:00,383781.0
twitter,2014-02-01 19:50:00,376407.0
twitter,2014-02-01 19:55:00,370126.0
twitter,2014-02-01 20:00:00,383821.0
twitter,2014-02-01 20:05:00,363550.0
twitter,2014-02-01 20:10:00,376642.0
twitter,2014-02-01 20:15:00,366737.0
twitter,2014-02-01 20:20:00,362538.0
twitter,2014-02-01 20:25:00,364728.0
twitter,2014-02-01 20:30:00,376880.0
twitter,2014-02-01 20:35:00,372927.0
twitter,2014-02-01 20:40:00,366660.0
twitter,2014-02-01 20:45:00,360662.0
twitter,2014-02-01 20:50:00,357876.0
twitter,2014-02-01 20:55:00,365827.0
twitter,2014-02-01 21:00:00,425927.0
twitter,2014-02-01 21:05:00,382834.0
twitter,2014-02-01 21:10:00,383972.0
twitter,2014-02-01 21:15:00,378790.0
twitter,2014-02-01 21:20:00,382642.0
twitter,2014-02-01 21:25:00,356980.0
twitter,2014-02-01 21:30:00,345965.0
twitter,2014-02-01 21:35:00,349323.0
twitter,2014-02-01 21:40:00,361471.0
twitter,2014-02-01 21:45:00,351453.0
twitter,2014-02-01 21:50:00,355057.0
twitter,2014-02-01 21:55:00,366330.0
twitter,2014-02-01 22:00:00,368815.0
twitter,2014-02-01 22:05:00,366123.0
twitter,2014-02-01 22:10:00,341635.0
twitter,2014-02-01 22:15:00,342381.0
twitter,2014-02-01 22:20:00,344239.0
twitter,2014-02-01 22:25:00,332910.0
twitter,2014-02-01 22:30:00,335413.0
twitter,2014-02-01 22:35:00,340690.0
twitter,2014-02-01 22:40:00,348482.0
twitter,2014-02-01 22:45:00,342421.0
twitter,2014-02-01 22:50:00,348545.0
twitter,2014-02-01 22:55:00,348049.0
twitter,2014-02-01 23:00:00,372704.0
twitter,2014-02-01 23:05:00,351452.0
twitter,2014-02-01 23:10:00,364667.0
twitter,2014-02-01 23:15:00,361299.0
twitter,2014-02-01 23:20:00,391115.0
twitter,2014-02-01 23:25:00,364860.0
twitter,2014-02-01 23:30:00,382355.0
twitter,2014-02-01 23:35:00,378090.0
twitter,2014-02-01 23:40:00,373857.0
twitter,2014-02-01 23:45:00,387065.0
twitter,2014-02-01 23:50:00,376277.0
twitter,2014-02-01 23:55:00,370567.0
twitter,2014-02-02 00:00:00,379203.0
twitter,2014-02-02 00:05:00,358220.0
twitter,2014-02-02 00:10:00,367440.0
twitter,2014-02-02 00:15:00,370978.0
twitter,2014-02-02 00:20:00,374121.0
twitter,2014-02-02 00:25:00,357653.0
twitter,2014-02-02 00:30:00,359024.0
twitter,2014-02-02 00:35:00,355344.0
twitter,2014-02-02 00:40:00,374591.0
twitter,2014-02-02 00:45:00,354457.0
twitter,2014-02-02 00:50:00,352455.0
twitter,2014-02-02 00:55:00,338590.0
twitter,2014-02-02 01:00:00,378543.0
twitter,2014-02-02 01:05:00,374929.0
twitter,2014-02-02 01:10:00,390119.0
twitter,2014-02-02 01:15:00,387457.0
twitter,2014-02-02 01:20:00,382105.0
twitter,2014-02-02 01:25:00,385509.0
twitter,2014-02-02 01:30:00,402860.0
twitter,2014-02-02 01:35:00,374097.0
twitter,2014-02-02 01:40:00,418870.0
twitter,2014-02-02 01:45:00,376768.0
twitter,2014-02-02 01:50:00,366502.0
twitter,2014-02-02 01:55:00,351594.0
twitter,2014-02-02 02:00:00,377893.0
twitter,2014-02-02 02:05:00,368507.0
twitter,2014-02-02 02:10:00,378120.0
twitter,2014-02-02 02:15:00,383267.0
twitter,2014-02-02 02:20:00,368545.0
twitter,2014-02-02 02:25:00,361488.0
twitter,2014-02-02 02:30:00,365960.0
twitter,2014-02-02 02:35:00,375422.0
twitter,2014-02-02 02:40:00,380901.0
twitter,2014-02-02 02:45:00,377931.0
twitter,2014-02-02 02:50:00,380434.0
twitter,2014-02-02 02:55:00,375086.0
twitter,2014-02-02 03:00:00,385593.0
twitter,2014-02-02 03:05:00,376395.0
twitter,2014-02-02 03:10:00,390744.0
twitter,2014-02-02 03:15:00,398540.0
twitter,2014-02-02 03:20:00,373557.0
twitter,2014-02-02 03:25:00,383850.0
twitter,2014-02-02 03:30:00,380261.0
twitter,2014-02-02 03:35:00,382871.0
twitter,2014-02-02 03:40:00,385880.0
twitter,2014-02-02 03:45:00,360052.0
twitter,2014-02-02 03:50:00,381595.0
twitter,2014-02-02 03:55:00,366969.0
twitter,2014-02-02 04:00:00,385565.0
twitter,2014-02-02 04:05:00,368817.0
twitter,2014-02-02 04:10:00,374998.0
twitter,2014-02-02 04:15:00,373428.0
twitter,2014-02-02 04:20:00,365214.0
twitter,2014-02-02 04:25:00,367017.0
twitter,2014-02-02 04:30:00,377936.0
twitter,2014-02-02 04:35:00,373992.0
twitter,2014-02-02 04:40:00,368294.0
twitter,2014-02-02 04:45:00,357294.0
twitter,2014-02-02 04:50:00,352159.0
twitter,2014-02-02 04:55:00,346903.0
twitter,2014-02-02 05:00:00,373800.0
twitter,2014-02-02 05:05:00,370344.0
twitter,2014-02-02 05:10:00,374462.0
twitter,2014-02-02 05:15:00,372535.0
twitter,2014-02-02 05:20:00,362079.0
twitter,2014-02-02 05:25:00,347813.0
twitter,2014-02-02 05:30:00,368510.0
twitter,2014-02-02 05:35:00,355989.0
twitter,2014-02-02 05:40:00,346253.0
twitter,2014-02-02 05:45:00,328122.0
twitter,2014-02-02 05:50:00,334154.0
twitter,2014-02-02 05:55:00,331638.0
twitter,2014-02-02 06:00:00,338133.0
twitter,2014-02-02 06:05:00,334552.0
twitter,2014-02-02 06:10:00,336624.0
twitter,2014-02-02 06:15:00,340306.0
twitter,2014-02-02 06:20:00,315951.0
twitter,2014-02-02 06:25:00,318329.0
twitter,2014-02-02 06:30:00,316961.0
twitter,2014-02-02 06:35:00,304160.0
twitter,2014-02-02 06:40:00,320835.0
twitter,2014-02-02 06:45:00,316818.0
twitter,2014-02-02 06:50:00,320878.0
twitter,2014-02-02 06:55:00,291011.0
twitter,2014-02-02 07:00:00,300057.0
twitter,2014-02-02 07:05:00,286401.0
twitter,2014-02-02 07:10:00,297921.0
twitter,2014-02-02 07:15:00,290886.0
twitter,2014-02-02 07:20:00,279248.0
twitter,2014-02-02 07:25:00,261235.0
twitter,2014-02-02 07:30:00,270703.0
twitter,2014-02-02 07:35:00,284539.0
twitter,2014-02-02 07:40:00,278070.0
twitter,2014-02-02 07:45:00,277071.0
twitter,2014-02-02 07:50:00,259278.0
twitter,2014-02-02 07:55:00,251297.0
twitter,2014-02-02 08:00:00,283451.0
twitter,2014-02-02 08:05:00,285555.0
twitter,2014-02-02 08:10:00,297120.0
twitter,2014-02-02 08:15:00,280238.0
twitter,2014-02-02 08:20:00,270739.0
twitter,2014-02-02 08:25:00,269837.0
twitter,2014-02-02 08:30:00,288565.0
twitter,2014-02-02 08:35:00,278842.0
twitter,2014-02-02 08:40:00,275633.0
twitter,2014-02-02 08:45:00,271457.0
twitter,2014-02-02 08:50:00,254378.0
twitter,2014-02-02 08:55:00,262396.0
twitter,2014-02-02 09:00:00,277413.0
twitter,2014-02-02 09:05:00,275597.0
twitter,2014-02-02 09:10:00,282345.0
twitter,2014-02-02 09:15:00,281318.0
twitter,2014-02-02 09:20:00,260488.0
twitter,2014-02-02 09:25:00,260069.0
twitter,2014-02-02 09:30:00,278657.0
twitter,2014-02-02 09:35:00,278678.0
twitter,2014-02-02 09:40:00,283773.0
twitter,2014-02-02 09:45:00,275098.0
twitter,2014-02-02 09:50:00,270476.0
twitter,2014-02-02 09:55:00,271002.0
twitter,2014-02-02 10:00:00,293498.0
twitter,2014-02-02 10:05:00,287258.0
twitter,2014-02-02 10:10:00,302184.0
twitter,2014-02-02 10:15:00,282279.0
twitter,2014-02-02 10:20:00,288730.0
twitter,2014-02-02 10:25:00,298154.0
twitter,2014-02-02 10:30:00,308507.0
twitter,2014-02-02 10:35:00,292145.0
twitter,2014-02-02 10:40:00,295376.0
twitter,2014-02-02 10:45:00,303525.0
twitter,2014-02-02 10:50:00,304998.0
twitter,2014-02-02 10:55:00,303868.0
twitter,2014-02-02 11:00:00,333016.0
twitter,2014-02-02 11:05:00,322764.0
twitter,2014-02-02 11:10:00,331131.0
twitter,2014-02-02 11:15:00,324154.0
twitter,2014-02-02 11:20:00,320916.0
twitter,2014-02-02 11:25:00,303138.0
twitter,2014-02-02 11:30:00,329352.0
twitter,2014-02-02 11:35:00,345529.0
twitter,2014-02-02 11:40:00,340950.0
twitter,2014-02-02 11:45:00,349679.0
twitter,2014-02-02 11:50:00,332281.0
twitter,2014-02-02 11:55:00,336995.0
twitter,2014-02-02 12:00:00,355284.0
